sold_date,address,street_number,rooms,living_area_m2,final_price_kr,asking_price_kr,kr_per_m2,monthly_fee_kr,price_change_pct,broker_agency,listing_id,hemnet_url
2026-05-05,Myggdalsvägen 38,38,3.0,82.5,1700000,1595000,20606,6438,0.07,Erik Olsson Fastighetsförmedling,21712397,https://www.hemnet.se/salda/lagenhet-3rum-centrala-tyreso-tyreso-kommun-myggdalsvagen-38-1359701496484993074
2026-04-30,Myggdalsvägen 118,118,4.0,88.5,2100000,2195000,23729,7621,-0.04,HusmanHagberg Tyresö/Älta,21705281,https://www.hemnet.se/salda/lagenhet-4rum-tyreso-centrum-tyreso-kommun-myggdalsvagen-118-2828861733100223042
2026-04-19,Myggdalsvägen 122,122,3.0,88.5,2000000,1995000,22599,7442,0.0,Erik Olsson Fastighetsförmedling,21701712,https://www.hemnet.se/salda/lagenhet-3rum-centrala-tyreso-tyreso-kommun-myggdalsvagen-122-621065336897766195
2026-04-07,Myggdalsvägen 110,110,5.0,114.5,3500000,3795000,30568,9505,-0.08,HusmanHagberg Tyresö/Älta,21397785,https://www.hemnet.se/salda/lagenhet-5rum-tyreso-centrum-tyreso-kommun-myggdalsvagen-110-7182915950597589329
2026-03-20,Myggdalsvägen 96,96,4.0,90.0,2295000,2295000,25500,7603,0.0,HusmanHagberg Tyresö/Älta,21476252,https://www.hemnet.se/salda/lagenhet-4rum-tyreso-centrum-tyreso-kommun-myggdalsvagen-96-7165515415613837499
2026-03-15,Myggdalsvägen 64,64,4.0,90.0,2295000,2295000,25500,7781,0.0,SkandiaMäklarna Tyresö/Älta,21465722,https://www.hemnet.se/salda/lagenhet-4rum-centrala-tyreso-tyreso-kommun-myggdalsvagen-64-7689396632841278582
2026-03-12,Myggdalsvägen 90,90,3.0,92.0,2520000,2750000,27391,7609,-0.08,Svensk Fastighetsförmedling Tyresö,21597223,https://www.hemnet.se/salda/lagenhet-3rum-tyreso-tyreso-kommun-myggdalsvagen-90-1409806032142567611
2026-03-10,Myggdalsvägen 26,26,4.0,89.0,2300000,2295000,25843,7442,0.0,Svensk Fastighetsförmedling Tyresö,21611380,https://www.hemnet.se/salda/lagenhet-4rum-tyreso-tyreso-kommun-myggdalsvagen-26-2408563296513315679
2026-02-15,Myggdalsvägen 92,92,4.0,90.0,2500000,2450000,27778,7275,0.02,Svensk Fastighetsförmedling Tyresö,21591482,https://www.hemnet.se/salda/lagenhet-4rum-tyreso-tyreso-kommun-myggdalsvagen-92-7574239809128075494
2026-02-13,Myggdalsvägen 94,94,3.0,92.0,1895000,1895000,20598,7877,0.0,SkandiaMäklarna Tyresö/Älta,21658201,https://www.hemnet.se/salda/lagenhet-3rum-central-tyreso-tyreso-kommun-myggdalsvagen-94-6150490334954356593
2026-01-27,Myggdalsvägen 90,90,4.0,92.0,1695000,1695000,18424,7968,0.0,Svensk Fastighetsförmedling Tyresö,21661123,https://www.hemnet.se/salda/lagenhet-4rum-tyreso-tyreso-kommun-myggdalsvagen-90-6387774397329121451
2026-01-24,"Myggdalsvägen 92, 3 tr ",92,4.0,92.0,2265000,2195000,24620,7877,0.03,Fastighetsbyrån Tyresö,21648569,"https://www.hemnet.se/salda/lagenhet-4rum-centrala-tyreso-tyreso-kommun-myggdalsvagen-92,-3-tr-8526352972139976496"
2025-12-22,Myggdalsvägen 100,100,2.0,74.0,2200000,2195000,29730,6091,0.0,SkandiaMäklarna Tyresö/Älta,21625811,https://www.hemnet.se/salda/lagenhet-2rum-centrala-tyreso-tyreso-kommun-myggdalsvagen-100-2412463547747168985
2025-12-15,Myggdalsvägen 86,86,4.0,88.5,2050000,1995000,23164,7621,0.03,SkandiaMäklarna Tyresö/Älta,21447009,https://www.hemnet.se/salda/lagenhet-4rum-centrala-tyreso-tyreso-kommun-myggdalsvagen-86-8935996218561523758
2025-12-10,Myggdalsvägen 14,14,3.0,92.0,2050000,1995000,22283,7609,0.03,HusmanHagberg Tyresö/Älta,21649557,https://www.hemnet.se/salda/lagenhet-3rum-tyreso-centrum-tyreso-kommun-myggdalsvagen-14-6487531377111178652
2025-11-24,Myggdalsvägen 34,34,4.0,88.5,2250000,2295000,25424,7442,-0.02,Svensk Fastighetsförmedling Tyresö,21408900,https://www.hemnet.se/salda/lagenhet-4rum-tyreso-tyreso-kommun-myggdalsvagen-34-1774422061364339675
2025-11-14,Myggdalsvägen 108,108,2.0,74.0,1750000,1895000,23649,5942,-0.08,HusmanHagberg Tyresö/Älta,21590816,https://www.hemnet.se/salda/lagenhet-2rum-tyreso-centrum-tyreso-kommun-myggdalsvagen-108-2994818355926079348
2025-10-14,Myggdalsvägen 90,90,4.0,90.0,2075000,2075000,23056,8051,0.0,BOSTHLM Årsta,21611999,https://www.hemnet.se/salda/lagenhet-4rum-tyreso-tyreso-kommun-myggdalsvagen-90-2068284314320758531
2025-10-03,Myggdalsvägen 84,84,4.0,94.0,1795000,1795000,19096,7706,0.0,Svensk Fastighetsförmedling Tyresö,21616767,https://www.hemnet.se/salda/lagenhet-4rum-centrala-tyreso-tyreso-kommun-myggdalsvagen-84-57901740203861114
2025-09-08,Myggdalsvägen 106,106,2.0,49.5,1415000,1550000,28586,3844,-0.09,Erik Olsson Fastighetsförmedling,21542356,https://www.hemnet.se/salda/lagenhet-2rum-centrala-tyreso-tyreso-kommun-myggdalsvagen-106-4200879940242478458
2025-09-03,"Myggdalsvägen 102, 3tr",102,2.0,74.0,2125000,1995000,28716,6004,0.07,Notar,21572867,"https://www.hemnet.se/salda/lagenhet-2rum-tyreso-tyreso-kommun-myggdalsvagen-102,-3tr-6333849795080305053"
2025-08-28,Myggdalsvägen 18,18,3.0,90.0,2000000,2095000,22222,7694,-0.05,SkandiaMäklarna Tyresö/Älta,21589777,https://www.hemnet.se/salda/lagenhet-3rum-centrala-tyreso-tyreso-kommun-myggdalsvagen-18-6656409259258896669
2025-08-25,Myggdalsvägen 72,72,3.0,82.5,1750000,1795000,21212,6796,-0.03,HusmanHagberg Tyresö/Älta,21551920,https://www.hemnet.se/salda/lagenhet-3rum-tyreso-centrum-tyreso-kommun-myggdalsvagen-72-4306667486910420398
2025-08-22,Myggdalsvägen 8,8,2.0,49.5,1550000,1595000,31313,3844,-0.03,Fastighetsbyrån Tyresö,21553304,https://www.hemnet.se/salda/lagenhet-2rum-centrala-tyreso-tyreso-kommun-myggdalsvagen-8-8245988715351840364
2025-08-15,Myggdalsvägen 116,116,4.0,88.5,1995000,1995000,22542,7442,0.0,Svensk Fastighetsförmedling Tyresö,21376536,https://www.hemnet.se/salda/lagenhet-4rum-tyreso-tyreso-kommun-myggdalsvagen-116-8925272441070219693
2025-06-30,Myggdalsvägen 104,104,2.0,74.0,2250000,2295000,30405,6091,-0.02,HusmanHagberg Tyresö/Älta,21484559,https://www.hemnet.se/salda/lagenhet-2rum-tyreso-centrum-tyreso-kommun-myggdalsvagen-104-6604208432523137881
2025-06-24,Myggdalsvägen 98,98,4.0,90.0,1900000,2195000,21111,7603,-0.13,HusmanHagberg Tyresö/Älta,21476247,https://www.hemnet.se/salda/lagenhet-4rum-tyreso-centrum-tyreso-kommun-myggdalsvagen-98-8640025934402638027
2025-05-20,Myggdalsvägen 6,6,2.0,74.0,1800000,1995000,24324,6121,-0.1,HusmanHagberg Tyresö/Älta,21499504,https://www.hemnet.se/salda/lagenhet-2rum-tyreso-centrum-tyreso-kommun-myggdalsvagen-6-2672164678182120556
2025-05-19,Myggdalsvägen 60,60,3.0,90.0,2195000,2195000,24389,7781,0.0,Fastighetsbyrån Tyresö,21492137,https://www.hemnet.se/salda/lagenhet-3rum-centrala-tyreso-tyreso-kommun-myggdalsvagen-60-4390010345771614449
2025-05-08,Myggdalsvägen 64,64,4.0,90.0,2695000,2595000,29944,7600,0.04,Bjurfors Haninge,21459423,https://www.hemnet.se/salda/lagenhet-4rum-bollmora-tyreso-kommun-myggdalsvagen-64-5622480703706505653
2025-04-22,Myggdalsvägen 92,92,4.0,92.0,1995000,1995000,21685,7968,0.0,Fastighetsbyrån Tyresö,21508181,https://www.hemnet.se/salda/lagenhet-4rum-centrala-tyreso-tyreso-kommun-myggdalsvagen-92-78396828769529118
2025-04-09,Myggdalsvägen 84,84,4.0,94.0,1800000,2195000,19149,7005,-0.18,MOHV Haninge/Tyresö,21447795,https://www.hemnet.se/salda/lagenhet-4rum-centrala-tyreso-tyreso-kommun-myggdalsvagen-84-739526322492386803
2025-04-08,Myggdalsvägen 46 ,46,2.0,45.0,1695000,1695000,37667,3900,0.0,Fastighetsbyrån Tyresö,21504938,https://www.hemnet.se/salda/lagenhet-2rum-centrala-tyreso-tyreso-kommun-myggdalsvagen-46-2580392554807931502
2025-03-24,Myggdalsvägen 56,56,4.0,94.0,1850000,1850000,19681,7706,0.0,HusmanHagberg Tyresö/Älta,21432212,https://www.hemnet.se/salda/lagenhet-4rum-tyreso-centrum-tyreso-kommun-myggdalsvagen-56-8083867103518240818
2025-03-04,Myggdalsvägen 96,96,2.0,45.0,1595000,1450000,35444,3721,0.1,More Fastighetsförmedling,21473324,https://www.hemnet.se/salda/lagenhet-2rum-tyreso-tyreso-kommun-myggdalsvagen-96-6382479079419548519
2025-03-02,Myggdalsvägen 48,48,3.0,92.0,2300000,2450000,25000,7518,-0.06,Fastighetsbyrån Tyresö,21417496,https://www.hemnet.se/salda/lagenhet-3rum-centrala-tyreso-tyreso-kommun-myggdalsvagen-48-3658238981354351316
2025-02-22,Myggdalsvägen 40,40,3.0,82.5,1850000,1795000,22424,6707,0.03,Fastighetsbyrån Tyresö,21388420,https://www.hemnet.se/salda/lagenhet-3rum-centrala-tyreso-tyreso-kommun-myggdalsvagen-40-915977338876879071
2025-02-08,Myggdalsvägen 8,8,3.0,87.0,1880000,1695000,21609,6832,0.11,Fastighetsbyrån Tyresö,21474339,https://www.hemnet.se/salda/lagenhet-3rum-centrala-tyreso-tyreso-kommun-myggdalsvagen-8-6091106575389755338
2025-01-30,Myggdalsvägen 6,6,2.0,49.5,2000000,1895000,40404,3966,0.06,HusmanHagberg Tyresö/Älta,21447535,https://www.hemnet.se/salda/lagenhet-2rum-tyreso-centrum-tyreso-kommun-myggdalsvagen-6-6293347593503746797
2025-01-16,Myggdalsvägen 20,20,3.0,90.0,2050000,2050000,22778,7694,0.0,Svensk Fastighetsförmedling Tyresö,21421373,https://www.hemnet.se/salda/lagenhet-3rum-tyreso-tyreso-kommun-myggdalsvagen-20-2198087128110083167
2024-12-21,Myggdalsvägen 46,46,3.0,92.0,2500000,2850000,27174,6835,-0.12,HusmanHagberg Tyresö/Älta,21407990,https://www.hemnet.se/salda/lagenhet-3rum-tyreso-centrum-tyreso-kommun-myggdalsvagen-46-920173588769369785
2024-11-14,Myggdalsvägen 94,94,4.0,88.0,2350000,2995000,26705,7197,-0.22,LF Fastighetsförmedling Tyresö,21369719,https://www.hemnet.se/salda/lagenhet-4rum-centrala-tyreso-tyreso-kommun-myggdalsvagen-94-6037720513537408865
2024-11-08,Myggdalsvägen 88,88,4.0,88.0,2350000,2295000,26705,6765,0.02,Svensk Fastighetsförmedling Tyresö,21416773,https://www.hemnet.se/salda/lagenhet-4rum-tyreso-tyreso-kommun-myggdalsvagen-88-9007914787772971756
2024-10-09,Myggdalsvägen 38,38,4.0,94.5,2500000,2595000,26455,7026,-0.04,SkandiaMäklarna Tyresö/Älta,21381910,https://www.hemnet.se/salda/lagenhet-4rum-centrala-tyreso-tyreso-kommun-myggdalsvagen-38-8843900761964679103
2024-09-12,Myggdalsvägen 96,96,4.0,90.0,2800000,2495000,31111,7158,0.12,Svenska Mäklarhuset Tyresö,21403126,https://www.hemnet.se/salda/lagenhet-4rum-centrala-tyreso-tyreso-kommun-myggdalsvagen-96-828638055690331938
2024-08-08,Myggdalsvägen 102,102,2.0,74.0,1795000,1795000,24257,5348,0.0,HusmanHagberg Tyresö/Älta,21363916,https://www.hemnet.se/salda/lagenhet-2rum-tyreso-centrum-tyreso-kommun-myggdalsvagen-102-6575227437797996872
2024-08-05,Myggdalsvägen 52,52,3.0,82.5,2120000,2095000,25697,5853,0.01,HusmanHagberg Tyresö/Älta,21345217,https://www.hemnet.se/salda/lagenhet-3rum-tyreso-centrum-tyreso-kommun-myggdalsvagen-52-5427639804730685899
2024-07-25,Myggdalsvägen 88,88,4.0,88.5,2550000,2495000,28814,6928,0.02,Svensk Fastighetsförmedling Tyresö,20540695,https://www.hemnet.se/salda/lagenhet-4rum-tyreso-tyreso-kommun-myggdalsvagen-88-351113701272574419
2024-07-17,Myggdalsvägen 52,52,4.0,94.5,2700000,2495000,28571,7189,0.08,HusmanHagberg Tyresö/Älta,21294390,https://www.hemnet.se/salda/lagenhet-4rum-tyreso-centrum-tyreso-kommun-myggdalsvagen-52-3446007834527203250
2024-07-17,Myggdalsvägen 64,64,4.0,92.0,2675000,2495000,29076,7080,0.07,Svensk Fastighetsförmedling Tyresö,21340491,https://www.hemnet.se/salda/lagenhet-4rum-centrala-tyreso-tyreso-kommun-myggdalsvagen-64-9209265258350417125
2024-05-17,"Myggdalsvägen 96, 3 tr",96,4.0,90.0,2295000,2295000,25500,7074,0.0,HusmanHagberg Tyresö/Älta,21324978,"https://www.hemnet.se/salda/lagenhet-4rum-tyreso-centrum-tyreso-kommun-myggdalsvagen-96,-3-tr-7481321585490780822"
2024-04-29,Myggdalsvägen 48,48,4.0,90.0,2595000,2595000,28833,6900,0.0,Svensk Fastighetsförmedling Tyresö,21308866,https://www.hemnet.se/salda/lagenhet-4rum-centrum-tyreso-kommun-myggdalsvagen-48-362160925981443119
2024-04-24,Myggdalsvägen 64,64,4.0,90.0,2600000,2195000,28889,6912,0.18,Fastighetsbyrån Tyresö,21308310,https://www.hemnet.se/salda/lagenhet-4rum-centrala-tyreso-tyreso-kommun-myggdalsvagen-64-1456610976065072342
2024-04-15,Myggdalsvägen 62,62,2.0,45.0,1450000,1495000,32222,3387,-0.03,Fastighetsbyrån Tyresö,21290957,https://www.hemnet.se/salda/lagenhet-2rum-centrala-tyreso-tyreso-kommun-myggdalsvagen-62-3713705169894037735
2024-04-10,Myggdalsvägen 12,12,4.0,92.0,2350000,1895000,25543,7243,0.24,Fastighetsbyrån Tyresö,21288599,https://www.hemnet.se/salda/lagenhet-4rum-centrala-tyreso-tyreso-kommun-myggdalsvagen-12-1240123079437528912
2024-03-30,Myggdalsvägen 36,36,4.0,88.5,2295000,2295000,25932,6443,0.0,Svensk Fastighetsförmedling Tyresö,21237415,https://www.hemnet.se/salda/lagenhet-4rum-tyreso-tyreso-kommun-myggdalsvagen-36-2020959456307766647
2024-03-28,"Myggdalsvägen 78, 1 tr",78,3.5,88.5,2275000,1795000,25706,6393,0.27,Fastighetsbyrån Tyresö,21295997,"https://www.hemnet.se/salda/lagenhet-3,5rum-centrala-tyreso-tyreso-kommun-myggdalsvagen-78,-1-tr-5790257796213862179"
2024-03-06,Myggdalsvägen 88,88,3.0,88.5,2100000,2250000,23729,6597,-0.07,Svensk Fastighetsförmedling Tyresö,20990855,https://www.hemnet.se/salda/lagenhet-3rum-tyreso-tyreso-kommun-myggdalsvagen-88-2961912553266257934
2024-02-26,Myggdalsvägen 94,94,2.0,45.0,1740000,1895000,38667,3377,-0.08,Svensk Fastighetsförmedling Tyresö,21263595,https://www.hemnet.se/salda/lagenhet-2rum-tyreso-tyreso-kommun-myggdalsvagen-94-8521087074543231953
2024-02-16,Myggdalsvägen 102,102,2.0,74.0,1695000,1695000,22905,5198,0.0,HusmanHagberg Tyresö/Älta,21271531,https://www.hemnet.se/salda/lagenhet-2rum-tyreso-centrum-tyreso-kommun-myggdalsvagen-102-63456244258536040
2024-02-08,Myggdalsvägen 108,108,2.0,74.0,2025000,1795000,27365,5198,0.13,Fastighetsbyrån Tyresö,21145895,https://www.hemnet.se/salda/lagenhet-2rum-centrala-tyreso-tyreso-kommun-myggdalsvagen-108-1638288438500427092
2024-02-04,Myggdalsvägen 78,78,4.0,88.5,2610000,2495000,29492,6237,0.05,SkandiaMäklarna Tyresö/Älta,21240656,https://www.hemnet.se/salda/lagenhet-4rum-centrala-tyreso-tyreso-kommun-myggdalsvagen-78-7355971428549477159
2024-02-04,Myggdalsvägen 28,28,3.0,88.5,2795000,2795000,31582,6598,0.0,Svensk Fastighetsförmedling Tyresö,21158284,https://www.hemnet.se/salda/lagenhet-3rum-centrala-tyreso-tyreso-kommun-myggdalsvagen-28-4901294987620215865
2024-01-22,Myggdalsvägen 88 ,88,2.0,77.5,2050000,1995000,26452,5186,0.03,Fastighetsbyrån Tyresö,21157797,https://www.hemnet.se/salda/lagenhet-2rum-centrala-tyreso-tyreso-kommun-myggdalsvagen-88-3279151834895351142
2024-01-12,"Myggdalsvägen 92, vån. 5",92,4.0,92.0,2250000,2095000,24457,6938,0.07,HusmanHagberg Tyresö/Älta,21070255,"https://www.hemnet.se/salda/lagenhet-4rum-tyreso-centrum-tyreso-kommun-myggdalsvagen-92,-van,-5-7636565153724646811"
2023-12-21,"Myggdalsvägen 92, 1 tr",92,4.0,90.0,1995000,2395000,22167,6582,-0.17,HusmanHagberg Tyresö/Älta,20549399,"https://www.hemnet.se/salda/lagenhet-4rum-tyreso-centrum-tyreso-kommun-myggdalsvagen-92,-1-tr-540737420325747491"
2023-12-12,Myggdalsvägen 10,10,2.0,49.5,1900000,1995000,38384,3485,-0.05,Mäklarhuset Hammarbyhöjden,20598735,https://www.hemnet.se/salda/lagenhet-2rum-tyreso-centrum-tyreso-kommun-myggdalsvagen-10-6450765040180250582
2023-12-06,Myggdalsvägen 32,32,5.0,88.5,2400000,2350000,27119,6598,0.02,Svensk Fastighetsförmedling Tyresö,20690556,https://www.hemnet.se/salda/lagenhet-5rum-tyreso-tyreso-kommun-myggdalsvagen-32-3009577907057281306
2023-11-23,Myggdalsvägen 104,104,2.0,49.5,1900000,1850000,38384,3077,0.03,Svensk Fastighetsförmedling Tyresö,21020296,https://www.hemnet.se/salda/lagenhet-2rum-centrala-tyreso-tyreso-kommun-myggdalsvagen-104-821139326439474754
2023-11-13,Myggdalsvägen 94,94,4.0,92.0,2500000,2450000,27174,6938,0.02,Svensk Fastighetsförmedling Tyresö,20912075,https://www.hemnet.se/salda/lagenhet-4rum-centrala-tyreso-tyreso-kommun-myggdalsvagen-94-8519081859848285307
2023-10-19,Myggdalsvägen 74,74,4.0,94.0,2500000,2595000,26596,6672,-0.04,HusmanHagberg Tyresö/Älta,19935028,https://www.hemnet.se/salda/lagenhet-4rum-tyreso-centrum-tyreso-kommun-myggdalsvagen-74-7380777284848093172
2023-10-12,"Myggdalsvägen 16, Vån 6",16,3.0,90.0,2200000,2495000,24444,6528,-0.12,SkandiaMäklarna Tyresö/Älta,19794503,"https://www.hemnet.se/salda/lagenhet-3rum-centrala-tyreso-tyreso-kommun-myggdalsvagen-16,-van-6-1318509328768742788"
2023-10-10,Myggdalsvägen 40,40,4.0,94.5,2600000,2395000,27513,6691,0.09,Svensk Fastighetsförmedling Tyresö,20487935,https://www.hemnet.se/salda/lagenhet-4rum-tyreso-tyreso-kommun-myggdalsvagen-40-1462551332071410498
2023-09-29,Myggdalsvägen 30,30,3.0,88.5,2200000,2095000,24859,6136,0.05,SkandiaMäklarna Tyresö/Älta,20593515,https://www.hemnet.se/salda/lagenhet-3rum-centrala-tyreso-tyreso-kommun-myggdalsvagen-30-6739452455809130764
2023-09-21,Myggdalsvägen 62,62,3.0,92.0,2250000,2250000,24457,6495,0.0,Svensk Fastighetsförmedling Tyresö,20396575,https://www.hemnet.se/salda/lagenhet-3rum-centrala-tyreso-tyreso-kommun-myggdalsvagen-62-2777420397256344365
2023-09-10,Myggdalsvägen 86,86,4.0,88.5,2495000,2495000,28192,6136,0.0,SkandiaMäklarna Tyresö/Älta,20400027,https://www.hemnet.se/salda/lagenhet-4rum-centrala-tyreso-tyreso-kommun-myggdalsvagen-86-3604070726893531864
2023-08-24,Myggdalsvägen 34,34,4.0,88.5,2450000,2495000,27684,6136,-0.02,Fastighetsbyrån Tyresö,20328616,https://www.hemnet.se/salda/lagenhet-4rum-centrala-tyreso-tyreso-kommun-myggdalsvagen-34-1169880852349293482
2023-06-22,Myggdalsvägen 92,92,4.0,90.0,2500000,2795000,27778,6344,-0.11,Svensk Fastighetsförmedling Tyresö,20035098,https://www.hemnet.se/salda/lagenhet-4rum-centrala-tyreso-tyreso-kommun-myggdalsvagen-92-3300454897523752270
2023-05-14,Myggdalsvägen 102,102,2.0,74.0,2450000,2450000,33108,5000,0.0,Svensk Fastighetsförmedling Tyresö,19765155,https://www.hemnet.se/salda/lagenhet-2rum-tyreso-tyreso-kommun-myggdalsvagen-102-121211016163924338
2023-05-03,Myggdalsvägen 96,96,2.0,45.0,1420000,1450000,31556,3068,-0.02,HusmanHagberg Tyresö/Älta,19874757,https://www.hemnet.se/salda/lagenhet-2rum-tyreso-centrum-tyreso-kommun-myggdalsvagen-96-4683547071004571086
2023-04-24,Myggdalsvägen 8,8,2.0,74.0,2025000,2195000,27365,4900,-0.08,Fastighetsbyrån Tyresö,19716375,https://www.hemnet.se/salda/lagenhet-2rum-centrala-tyreso-tyreso-kommun-myggdalsvagen-8-1678395712740387135
2023-04-17,Myggdalsvägen 72,72,3.0,85.5,2250000,2295000,26316,5575,-0.02,Svensk Fastighetsförmedling Tyresö,19770555,https://www.hemnet.se/salda/lagenhet-3rum-tyreso-tyreso-kommun-myggdalsvagen-72-441566807034165255
2023-04-16,Myggdalsvägen 64,64,2.0,45.0,1910000,1695000,42444,3068,0.13,Svensk Fastighetsförmedling Tyresö,19594497,https://www.hemnet.se/salda/lagenhet-2rum-tyreso-tyreso-kommun-myggdalsvagen-64-4648141736266166781
2023-03-02,Myggdalsvägen 6,6,2.0,49.5,1700000,,34343,3319,,Svensk Fastighetsförmedling Tyresö,19632638,https://www.hemnet.se/salda/lagenhet-2rum-tyreso-tyreso-kommun-myggdalsvagen-6-955699348411517014
2023-03-01,Myggdalsvägen 8,8,2.0,49.5,2200000,2095000,44444,3115,0.05,Svensk Fastighetsförmedling Tyresö,19279028,https://www.hemnet.se/salda/lagenhet-2rum-tyreso-tyreso-kommun-myggdalsvagen-8-8915785607406552962
2023-02-01,Myggdalsvägen 92,92,4.0,90.0,2650000,2650000,29444,5713,0.0,Svensk Fastighetsförmedling Tyresö,19326778,https://www.hemnet.se/salda/lagenhet-4rum-tyreso-tyreso-kommun-myggdalsvagen-92-1680912310126273956
2022-11-10,Myggdalsvägen 86,86,5.0,88.5,2900000,2695000,32768,5984,0.08,SkandiaMäklarna Tyresö/Älta,19225979,https://www.hemnet.se/salda/lagenhet-5rum-centrala-tyreso-tyreso-kommun-myggdalsvagen-86-6987364074247278264
2022-11-03,Myggdalsvägen 110,110,2.0,49.5,2000000,1995000,40404,3207,0.0,Svensk Fastighetsförmedling Tyresö,19250816,https://www.hemnet.se/salda/lagenhet-2rum-tyreso-tyreso-kommun-myggdalsvagen-110-7367720519391668101
2022-10-18,"Myggdalsvägen 98, BV",98,4.0,90.0,2450000,2495000,27222,5572,-0.02,Svenska Mäklarhuset Tyresö,19126404,"https://www.hemnet.se/salda/lagenhet-4rum-tyreso-tyreso-kommun-myggdalsvagen-98,-bv-1874841185067719540"
2022-10-05,Myggdalsvägen 34,34,3.0,88.5,2100000,2575000,23729,5984,-0.18,HusmanHagberg Tyresö/Älta,18951836,https://www.hemnet.se/salda/lagenhet-3rum-tyreso-centrum-tyreso-kommun-myggdalsvagen-34-4721182089021071215
2022-09-23,Myggdalsvägen 90,90,3.0,90.0,2750000,2850000,30556,6111,-0.04,Svensk Fastighetsförmedling Tyresö,19039407,https://www.hemnet.se/salda/lagenhet-3rum-tyreso-tyreso-kommun-myggdalsvagen-90-7852892511087033769
2022-09-16,Myggdalsvägen 22,22,4.0,94.0,2970000,2395000,31596,6051,0.24,SkandiaMäklarna Tyresö/Älta,19039417,https://www.hemnet.se/salda/lagenhet-4rum-centrala-tyreso-tyreso-kommun-myggdalsvagen-22-1600409818390821801
2022-09-05,Myggdalsvägen 100,100,2.0,74.0,1975000,2095000,26689,4666,-0.06,HusmanHagberg Tyresö/Älta,18994172,https://www.hemnet.se/salda/lagenhet-2rum-tyreso-centrum-tyreso-kommun-myggdalsvagen-100-2569289232264414631
2022-08-30,Myggdalsvägen 106,106,2.0,67.0,2390000,2390000,35672,4571,0.0,HusmanHagberg Tyresö/Älta,18993195,https://www.hemnet.se/salda/lagenhet-2rum-tyreso-centrum-tyreso-kommun-myggdalsvagen-106-5970033022647507902
2022-08-19,Myggdalsvägen 6 ,6,2.0,49.5,2100000,1950000,42424,3019,0.08,Fastighetsbyrån Tyresö,18943059,https://www.hemnet.se/salda/lagenhet-2rum-centrala-tyreso-tyreso-kommun-myggdalsvagen-6-4935787402350484174
2022-07-30,Myggdalsvägen 66,66,4.0,88.5,3265000,2795000,36893,5699,0.17,HusmanHagberg Tyresö/Älta,18821597,https://www.hemnet.se/salda/lagenhet-4rum-tyreso-centrum-tyreso-kommun-myggdalsvagen-66-5006397346073412385
2022-06-16,Myggdalsvägen 50,50,3.0,90.0,3100000,3250000,34444,6183,-0.05,BlumenthalHoffman Fastighetsmäkleri,18760297,https://www.hemnet.se/salda/lagenhet-3rum-tyreso-tyreso-kommun-myggdalsvagen-50-3739234520131847284
2022-05-11,Myggdalsvägen 20,20,4.0,90.0,3650000,2795000,40556,5552,0.31,SkandiaMäklarna Tyresö/Älta,18573967,https://www.hemnet.se/salda/lagenhet-4rum-centrala-tyreso-tyreso-kommun-myggdalsvagen-20-3678654610918368218
2022-05-05,Myggdalsvägen 64,64,4.0,92.0,3275000,2900000,35598,5825,0.13,HusmanHagberg Tyresö/Älta,18549220,https://www.hemnet.se/salda/lagenhet-4rum-tyreso-centrum-tyreso-kommun-myggdalsvagen-64-2408836514106143488
2022-04-21,Myggdalsvägen 26,26,3.0,88.5,3300000,2695000,37288,5566,0.22,SkandiaMäklarna Tyresö/Älta,18522263,https://www.hemnet.se/salda/lagenhet-3rum-centrala-tyreso-tyreso-kommun-myggdalsvagen-26-6917210786087216997
2022-04-13,Myggdalsvägen 14,14,4.0,90.0,2950000,2695000,32778,5686,0.09,HusmanHagberg Tyresö/Älta,18487623,https://www.hemnet.se/salda/lagenhet-4rum-tyreso-centrum-tyreso-kommun-myggdalsvagen-14-2108800964723394389
2022-04-10,Myggdalsvägen 14,14,3.0,92.0,3200000,2795000,34783,5825,0.14,Svensk Fastighetsförmedling Tyresö,18465016,https://www.hemnet.se/salda/lagenhet-3rum-tyreso-centrum-tyreso-kommun-myggdalsvagen-14-4956267088470149021
2022-03-31,Myggdalsvägen 118,118,2.0,77.5,2730000,2395000,35226,4457,0.14,MOHV Tyresö/Haninge,18430968,https://www.hemnet.se/salda/lagenhet-2rum-tyreso-tyreso-kommun-myggdalsvagen-118-8060641390872289758
2022-03-29,Myggdalsvägen 78,78,4.0,88.5,3525000,2495000,39831,5388,0.41,SkandiaMäklarna Tyresö/Älta,18430785,https://www.hemnet.se/salda/lagenhet-4rum-centrala-tyreso-tyreso-kommun-myggdalsvagen-78-8398748827222060127
2022-03-23,Myggdalsvägen 16,16,4.0,90.0,3220000,2795000,35778,5754,0.15,SkandiaMäklarna Tyresö/Älta,18408458,https://www.hemnet.se/salda/lagenhet-4rum-centrala-tyreso-tyreso-kommun-myggdalsvagen-16-6191403537891334786
2022-03-06,Myggdalsvägen 108,108,2.0,74.0,2400000,2100000,32432,4535,0.14,Svensk Fastighetsförmedling Tyresö,18355221,https://www.hemnet.se/salda/lagenhet-2rum-tyreso-tyreso-kommun-myggdalsvagen-108-6810665980084897500
2022-01-27,Myggdalsvägen 108,108,2.0,74.0,2600000,2395000,35135,4535,0.09,Svensk Fastighetsförmedling Tyresö,18210476,https://www.hemnet.se/salda/lagenhet-2rum-tyreso-tyreso-kommun-myggdalsvagen-108-3259961238738048198
2022-01-26,"Myggdalsvägen 50, 5 tr",50,4.0,92.0,2765000,2450000,30054,6127,0.13,Södermäklarna,18208735,"https://www.hemnet.se/salda/lagenhet-4rum-tyreso-tyreso-kommun-myggdalsvagen-50,-5-tr-4166169501881208964"
2022-01-20,Myggdalsvägen 18,18,3.0,90.0,3150000,2795000,35000,5820,0.13,Svensk Fastighetsförmedling Tyresö,18193081,https://www.hemnet.se/salda/lagenhet-3rum-tyreso-tyreso-kommun-myggdalsvagen-18-1306402003249997971
2022-01-18,Myggdalsvägen 102,102,2.0,49.5,1925000,1750000,38889,3054,0.1,Svensk Fastighetsförmedling Tyresö,18193139,https://www.hemnet.se/salda/lagenhet-2rum-tyreso-tyreso-kommun-myggdalsvagen-102-1400703665335237788
2021-12-01,Myggdalsvägen 104,104,2.0,49.5,2050000,1950000,41414,3077,0.05,Svensk Fastighetsförmedling Tyresö,17990316,https://www.hemnet.se/salda/lagenhet-2rum-centrala-tyreso-tyreso-kommun-myggdalsvagen-104-1506293
2021-11-12,Myggdalsvägen 110  1tr,110,2.0,49.5,1995000,1995000,40303,2787,0.0,HusmanHagberg Tyresö/Älta,18032117,https://www.hemnet.se/salda/lagenhet-2rum-tyreso-centrum-tyreso-kommun-myggdalsvagen-110-1tr-1495812
2021-11-12,Myggdalsvägen 72,72,3.0,85.5,2550000,2350000,29825,5057,0.09,Svensk Fastighetsförmedling Tyresö,18023078,https://www.hemnet.se/salda/lagenhet-3rum-tyreso-tyreso-kommun-myggdalsvagen-72-1495697
2021-10-30,Myggdalsvägen 84,84,3.0,82.5,2730000,2495000,33091,4882,0.09,LF Fastighetsförmedling Tyresö,17979249,https://www.hemnet.se/salda/lagenhet-3rum-centrala-tyreso-tyreso-kommun-myggdalsvagen-84-1488440
2021-10-15,Myggdalsvägen 24,24,4.0,94.0,2870000,2495000,30532,5897,0.15,Fastighetsbyrån Tyresö,17936198,https://www.hemnet.se/salda/lagenhet-4rum-centrala-tyreso-tyreso-kommun-myggdalsvagen-24-1478794
2021-10-15,Myggdalsvägen 34,34,4.0,88.5,2850000,2675000,32203,5566,0.07,Svensk Fastighetsförmedling Tyresö,17930116,https://www.hemnet.se/salda/lagenhet-4rum-tyreso-centrum-tyreso-kommun-myggdalsvagen-34-1478599
2021-10-14,"Myggdalsvägen 64, HÖGST UPP",64,4.0,90.0,3340000,2695000,37111,5552,0.24,SkandiaMäklarna Tyresö/Älta,17946376,"https://www.hemnet.se/salda/lagenhet-4rum-centrala-tyreso-tyreso-kommun-myggdalsvagen-64,-hogst-upp-1477116"
2021-09-28,Myggdalsvägen 76,76,3.0,85.5,2700000,2495000,31579,5057,0.08,SkandiaMäklarna Tyresö/Älta,17909600,https://www.hemnet.se/salda/lagenhet-3rum-centrala-tyreso-tyreso-kommun-myggdalsvagen-76-1466386
2021-09-20,Myggdalsvägen 64,64,2.0,45.0,2000000,1875000,44444,2783,0.07,BOSTHLM Årsta,17489899,https://www.hemnet.se/salda/lagenhet-2rum-centrala-tyreso-tyreso-kommun-myggdalsvagen-64-1461119
2021-06-30,Myggdalsvägen 6,6,2.0,74.0,2700000,2395000,36486,4319,0.13,Svensk Fastighetsförmedling Tyresö,17679495,https://www.hemnet.se/salda/lagenhet-2rum-tyreso-tyreso-kommun-myggdalsvagen-6-1416969
2021-06-30,Myggdalsvägen 100,100,2.0,49.5,1900000,1950000,38384,2931,-0.03,SkandiaMäklarna Tyresö/Älta,17453731,https://www.hemnet.se/salda/lagenhet-2rum-centrala-tyreso-tyreso-kommun-myggdalsvagen-100-1416898
2021-05-21,Myggdalsvägen 64,64,4.0,90.0,2850000,2495000,31667,5639,0.14,SkandiaMäklarna Tyresö/Älta,17548216,https://www.hemnet.se/salda/lagenhet-4rum-tyreso-centrum-tyreso-kommun-myggdalsvagen-64-1389548
2021-05-10,Myggdalsvägen 108,108,2.0,74.0,2200000,2095000,29730,4063,0.05,SkandiaMäklarna Tyresö/Älta,17474863,https://www.hemnet.se/salda/lagenhet-2rum-tyreso-centrum-tyreso-kommun-myggdalsvagen-108-1381505
2021-05-02,Myggdalsvägen 82,82,4.0,94.5,2700000,2595000,28571,5632,0.04,Svensk Fastighetsförmedling Tyresö,17427949,https://www.hemnet.se/salda/lagenhet-4rum-tyreso-tyreso-kommun-myggdalsvagen-82-1376812
2021-04-28,Myggdalsvägen 12,12,3.0,90.0,2800000,2495000,31111,5671,0.12,Svensk Fastighetsförmedling Tyresö,17458676,https://www.hemnet.se/salda/lagenhet-3rum-tyreso-tyreso-kommun-myggdalsvagen-12-1373543
2021-04-27,Myggdalsvägen 98,98,4.0,90.0,3000000,2495000,33333,5639,0.2,LF Fastighetsförmedling Tyresö,17428512,https://www.hemnet.se/salda/lagenhet-4rum-centrala-tyreso-tyreso-kommun-myggdalsvagen-98-1372681
2021-04-27,Myggdalsvägen 68,68,4.0,88.5,2650000,2495000,29944,5048,0.06,SkandiaMäklarna Tyresö/Älta,16835504,https://www.hemnet.se/salda/lagenhet-4rum-centrala-tyreso-tyreso-kommun-myggdalsvagen-68-1372673
2021-04-27,Myggdalsvägen 108,108,2.0,74.0,2330000,2095000,31486,4319,0.11,SkandiaMäklarna Tyresö/Älta,17456336,https://www.hemnet.se/salda/lagenhet-2rum-centrala-tyreso-tyreso-kommun-myggdalsvagen-108-1372596
2021-04-16,Myggdalsvägen 54,54,3.0,82.5,2550000,2295000,30909,4586,0.11,SkandiaMäklarna Tyresö/Älta,17427892,https://www.hemnet.se/salda/lagenhet-3rum-centrala-tyreso-tyreso-kommun-myggdalsvagen-54-1365904
2021-04-11,"Myggdalsvägen 50, 4 tr",50,4.0,93.0,2625000,2495000,28226,5803,0.05,Fastighetsbyrån Tyresö,17335923,"https://www.hemnet.se/salda/lagenhet-4rum-centrala-tyreso-tyreso-kommun-myggdalsvagen-50,-4-tr-1362037"
2021-04-09,Myggdalsvägen 90,90,4.0,90.0,2850000,2595000,31667,5735,0.1,HusmanHagberg Tyresö/Älta,17225810,https://www.hemnet.se/salda/lagenhet-4rum-tyreso-centrum-tyreso-kommun-myggdalsvagen-90-1361314
2021-04-01,"Myggdalsvägen 8, 4 tr",8,2.0,49.5,1860000,1890000,37576,2909,-0.02,Fastighetsbyrån Tyresö,17395656,"https://www.hemnet.se/salda/lagenhet-2rum-centrala-tyreso-tyreso-kommun-myggdalsvagen-8,-4-tr-1358542"
2021-03-16,Myggdalsvägen 86,86,4.0,88.5,2625000,2495000,29661,5301,0.05,HusmanHagberg Tyresö/Älta,17319217,https://www.hemnet.se/salda/lagenhet-4rum-tyreso-centrum-tyreso-kommun-myggdalsvagen-86-1347346
2021-03-05,"Myggdalsvägen 122, BV",122,4.0,88.5,3300000,3300000,37288,5259,0.0,SkandiaMäklarna Tyresö/Älta,17337337,"https://www.hemnet.se/salda/lagenhet-4rum-centrala-tyreso-tyreso-kommun-myggdalsvagen-122,-bv-1341403"
2021-02-18,Myggdalsvägen 28,28,3.0,88.5,2900000,2500000,32768,5428,0.16,Svensk Fastighetsförmedling Tyresö,17291835,https://www.hemnet.se/salda/lagenhet-3rum-centrala-tyreso-tyreso-kommun-myggdalsvagen-28-1333019
2021-02-16,Myggdalsvägen 28,28,4.0,88.5,3400000,2595000,38418,5131,0.31,SkandiaMäklarna Tyresö/Älta,17259555,https://www.hemnet.se/salda/lagenhet-4rum-centrala-tyreso-tyreso-kommun-myggdalsvagen-28-1331705
2021-02-12,Myggdalsvägen 120,120,4.0,88.5,2750000,2395000,31073,5428,0.15,SkandiaMäklarna Tyresö/Älta,17246275,https://www.hemnet.se/salda/lagenhet-4rum-centrala-tyreso-tyreso-kommun-myggdalsvagen-120-1329715
2021-01-21,Myggdalsvägen 96,96,3.0,92.0,2395000,2395000,26033,5611,0.0,HusmanHagberg Tyresö/Älta,17104403,https://www.hemnet.se/salda/lagenhet-3rum-tyreso-centrum-tyreso-kommun-myggdalsvagen-96-1317917
2020-12-29,Myggdalsvägen 110,110,2.0,49.5,1950000,1950000,39394,2931,0.0,SkandiaMäklarna Tyresö/Älta,16884931,https://www.hemnet.se/salda/lagenhet-2rum-centrala-tyreso-tyreso-kommun-myggdalsvagen-110-1310024
2020-11-30,Myggdalsvägen 68,68,4.0,88.5,2500000,2395000,28249,5259,0.04,SkandiaMäklarna Tyresö/Älta,17129914,https://www.hemnet.se/salda/lagenhet-4rum-centrala-tyreso-tyreso-kommun-myggdalsvagen-68-1297552
2020-11-30,"Myggdalsvägen 98, 5tr",98,4.0,92.0,2350000,2395000,25543,5835,-0.02,HusmanHagberg Tyresö/Älta,17087819,"https://www.hemnet.se/salda/lagenhet-4rum-tyreso-centrum-tyreso-kommun-myggdalsvagen-98,-5tr-1297335"
2020-11-25,Myggdalsvägen 36,36,2.0,77.5,1995000,2195000,25742,4267,-0.09,Svensk Fastighetsförmedling Tyresö,17065163,https://www.hemnet.se/salda/lagenhet-2rum-centrala-tyreso-tyreso-kommun-myggdalsvagen-36-1295064
2020-11-12,"Myggdalsvägen 20, Högst upp!",20,3.0,90.0,2560000,2195000,28444,5288,0.17,Bjurfors Haninge,17093136,"https://www.hemnet.se/salda/lagenhet-3rum-tyreso-centrum-tyreso-kommun-myggdalsvagen-20,-hogst-upp-1287639"
2020-10-28,"Myggdalsvägen 92, vån. 1",92,4.0,90.0,2385000,2375000,26500,5415,0.0,HusmanHagberg Tyresö/Älta,17066653,"https://www.hemnet.se/salda/lagenhet-4rum-tyreso-centrum-tyreso-kommun-myggdalsvagen-92,-van,-1-1279465"
2020-10-26,"Myggdalsvägen 10, 5 tr",10,2.0,49.5,1795000,1795000,36263,2738,0.0,Fastighetsbyrån Tyresö,17018181,"https://www.hemnet.se/salda/lagenhet-2rum-centrala-tyreso-tyreso-kommun-myggdalsvagen-10,-5-tr-1277556"
2020-10-13,Myggdalsvägen 46,46,4.0,90.0,2875000,2495000,31944,5767,0.15,LF Fastighetsförmedling Tyresö,17054970,https://www.hemnet.se/salda/lagenhet-4rum-bollmora-tyreso-kommun-myggdalsvagen-46-1269472
2020-10-12,Myggdalsvägen 72,72,4.0,94.0,2800000,2495000,29787,5616,0.12,Bjurfors Tyresö,17048139,https://www.hemnet.se/salda/lagenhet-4rum-tyreso-centrum-tyreso-kommun-myggdalsvagen-72-1269497
2020-10-01,Myggdalsvägen 20,20,2.0,45.0,1850000,1900000,41111,2651,-0.03,Notar,16953204,https://www.hemnet.se/salda/lagenhet-2rum-centrala-tyreso-tyreso-kommun-myggdalsvagen-20-1262225
2020-09-18,Myggdalsvägen 102,102,2.0,49.5,2000000,1895000,40404,2760,0.06,Fastighetsbyrån Tyresö,16994224,https://www.hemnet.se/salda/lagenhet-2rum-centrala-tyreso-tyreso-kommun-myggdalsvagen-102-1254519
2020-09-14,Myggdalsvägen 104,104,2.0,49.5,2000000,1895000,40404,2931,0.06,SkandiaMäklarna Tyresö/Älta,16995980,https://www.hemnet.se/salda/lagenhet-2rum-centrala-tyreso-tyreso-kommun-myggdalsvagen-104-1251662
2020-09-09,Myggdalsvägen 104,104,2.0,74.0,1950000,1995000,26351,4338,-0.02,Fastighetsbyrån Tyresö,16978709,https://www.hemnet.se/salda/lagenhet-2rum-centrala-tyreso-tyreso-kommun-myggdalsvagen-104-1248047
2020-09-09,Myggdalsvägen 98,98,4.0,90.0,2745000,2495000,30500,5480,0.1,SkandiaMäklarna Tyresö/Älta,16993112,https://www.hemnet.se/salda/lagenhet-4rum-centrala-tyreso-tyreso-kommun-myggdalsvagen-98-1247511
2020-08-14,Myggdalsvägen 16,16,4.0,92.0,2900000,,31522,5162,,SkandiaMäklarna Tyresö/Älta,16929776,https://www.hemnet.se/salda/lagenhet-4rum-centrala-tyreso-tyreso-kommun-myggdalsvagen-16-1234052
2020-08-13,Myggdalsvägen 6,6,2.0,49.5,1800000,1495000,36364,2867,0.2,LF Fastighetsförmedling Tyresö,16953831,https://www.hemnet.se/salda/lagenhet-2rum-centrala-tyreso-tyreso-kommun-myggdalsvagen-6-1232533
2020-08-13,"Myggdalsvägen 92, vån. 3",92,4.0,90.0,2650000,2595000,29444,5543,0.02,HusmanHagberg Tyresö/Älta,16656915,"https://www.hemnet.se/salda/lagenhet-4rum-tyreso-centrum-tyreso-kommun-myggdalsvagen-92,-van,-3-1231126"
2020-07-23,"Myggdalsvägen 46, 6tr",46,3.0,90.0,2295000,2295000,25500,5415,0.0,HusmanHagberg Tyresö/Älta,16936556,"https://www.hemnet.se/salda/lagenhet-3rum-tyreso-centrum-tyreso-kommun-myggdalsvagen-46,-6tr-1222967"
2020-07-09,Myggdalsvägen 22,22,3.0,82.5,2000000,1495000,24242,4487,0.34,HusmanHagberg Tyresö/Älta,16870516,https://www.hemnet.se/salda/lagenhet-3rum-tyreso-centrum-tyreso-kommun-myggdalsvagen-22-1217354
2020-07-01,Myggdalsvägen 116,116,2.0,78.0,3100000,2850000,39744,4064,0.09,Svensk Fastighetsförmedling Tyresö,16910189,https://www.hemnet.se/salda/lagenhet-2rum-centrala-tyreso-tyreso-kommun-myggdalsvagen-116-1213242
2020-06-04,Myggdalsvägen 76,76,4.0,94.5,2300000,1995000,24339,5243,0.15,HusmanHagberg Tyresö/Älta,16866843,https://www.hemnet.se/salda/lagenhet-4rum-tyreso-centrum-tyreso-kommun-myggdalsvagen-76-1197540
2020-05-29,Myggdalsvägen 98,98,4.0,90.0,2500000,2495000,27778,4813,0.0,SkandiaMäklarna Tyresö/Älta,16815884,https://www.hemnet.se/salda/lagenhet-4rum-centrala-tyreso-tyreso-kommun-myggdalsvagen-98-1194496
2020-05-14,Myggdalsvägen 10,10,2.0,49.5,2000000,1895000,40404,2730,0.06,SkandiaMäklarna Tyresö/Älta,16831295,https://www.hemnet.se/salda/lagenhet-2rum-centrala-tyreso-tyreso-kommun-myggdalsvagen-10-1185587
2020-05-06,Myggdalsvägen 104,104,2.0,74.0,1995000,1995000,26959,4031,0.0,MOHV Tyresö/Haninge,16787136,https://www.hemnet.se/salda/lagenhet-2rum-centrala-tyreso-tyreso-kommun-myggdalsvagen-104-1181017
2020-04-08,Myggdalsvägen 104,104,2.0,74.0,2250000,2400000,30405,4070,-0.06,LF Fastighetsförmedling Tyresö,16756120,https://www.hemnet.se/salda/lagenhet-2rum-tyreso-tyreso-kommun-myggdalsvagen-104-1168194
2020-02-25,Myggdalsvägen 26,26,3.0,88.5,2575000,2575000,29096,5048,0.0,HusmanHagberg Tyresö/Älta,16640775,https://www.hemnet.se/salda/lagenhet-3rum-tyreso-centrum-tyreso-kommun-myggdalsvagen-26-1148507
2020-02-17,Myggdalsvägen 6,6,2.0,49.5,2075000,1795000,41919,2690,0.16,SkandiaMäklarna Tyresö/Älta,16580019,https://www.hemnet.se/salda/lagenhet-2rum-centrala-tyreso-tyreso-kommun-myggdalsvagen-6-1143508
2020-02-15,Myggdalsvägen 10,10,2.0,49.5,1935000,1935000,39091,2770,0.0,HusmanHagberg Tyresö/Älta,16577319,https://www.hemnet.se/salda/lagenhet-2rum-tyreso-centrum-tyreso-kommun-myggdalsvagen-10-1325383
2020-02-13,Myggdalsvägen 64,64,4.0,90.0,2600000,1995000,28889,4813,0.3,HusmanHagberg Tyresö/Älta,16577266,https://www.hemnet.se/salda/lagenhet-4rum-tyreso-centrum-tyreso-kommun-myggdalsvagen-64-1142028
2020-02-09,Myggdalsvägen 48,48,4.0,90.0,2925000,2850000,32500,5219,0.03,Svensk Fastighetsförmedling Tyresö,16599196,https://www.hemnet.se/salda/lagenhet-4rum-centrum-tyreso-kommun-myggdalsvagen-48-1139774
2020-02-07,"Myggdalsvägen 92, BV",92,4.0,90.0,2350000,1995000,26111,4935,0.18,HusmanHagberg Tyresö/Älta,16518616,"https://www.hemnet.se/salda/lagenhet-4rum-tyreso-centrum-tyreso-kommun-myggdalsvagen-92,-bv-1138941"
2020-02-05,Myggdalsvägen 112,112,3.0,82.5,2520000,2495000,30545,4368,0.01,Svensk Fastighetsförmedling Tyresö,16560576,https://www.hemnet.se/salda/lagenhet-3rum-centrum-tyreso-kommun-myggdalsvagen-112-1137685
2020-01-19,Myggdalsvägen 112,112,4.0,94.0,2720000,2495000,28936,5227,0.09,Svensk Fastighetsförmedling Tyresö,16515862,https://www.hemnet.se/salda/lagenhet-4rum-centrum-tyreso-kommun-myggdalsvagen-112-1129394
2019-12-20,"Myggdalsvägen 90, 4tr",90,4.0,90.0,2800000,2395000,31111,5462,0.17,HusmanHagberg Tyresö/Älta,16458798,"https://www.hemnet.se/salda/lagenhet-4rum-tyreso-centrum-tyreso-kommun-myggdalsvagen-90,-4tr-1123579"
2019-11-24,Myggdalsvägen 100,100,2.0,49.5,1900000,1995000,38384,2791,-0.05,Fastighetsbyrån Tyresö,16302336,https://www.hemnet.se/salda/lagenhet-2rum-centrala-tyreso-tyreso-kommun-myggdalsvagen-100-1113626
2019-11-21,"Myggdalsvägen 14, 5 tr",14,4.0,90.0,2540000,2390000,28222,5371,0.06,HusmanHagberg Tyresö/Älta,16413136,"https://www.hemnet.se/salda/lagenhet-4rum-tyreso-centrum-tyreso-kommun-myggdalsvagen-14,-5-tr-1111747"
2019-11-20,Myggdalsvägen 16,16,4.0,92.0,2900000,2495000,31522,5162,0.16,SkandiaMäklarna Tyresö/Älta,16444607,https://www.hemnet.se/salda/lagenhet-4rum-centrala-tyreso-tyreso-kommun-myggdalsvagen-16-1110877
2019-11-08,Myggdalsvägen 116,116,4.0,88.5,2660000,2495000,30056,5048,0.07,Svensk Fastighetsförmedling Tyresö,16418089,https://www.hemnet.se/salda/lagenhet-4rum-centrala-tyreso-tyreso-kommun-myggdalsvagen-116-1105613
2019-09-23,"Myggdalsvägen 60, Vån 4",60,4.0,92.0,2995000,2495000,32554,5405,0.2,SkandiaMäklarna Tyresö/Älta,16304932,"https://www.hemnet.se/salda/lagenhet-4rum-centrala-tyreso-tyreso-kommun-myggdalsvagen-60,-van-4-1079752"
2019-09-22,Myggdalsvägen 92,92,2.0,45.0,1795000,1895000,39889,2646,-0.05,SkandiaMäklarna Tyresö/Älta,16222482,https://www.hemnet.se/salda/lagenhet-2rum-centrala-tyreso-tyreso-kommun-myggdalsvagen-92-1078299
2019-09-06,Myggdalsvägen 26,26,3.0,88.5,2650000,2395000,29944,5048,0.11,SkandiaMäklarna Tyresö/Älta,16280000,https://www.hemnet.se/salda/lagenhet-3rum-centrala-tyreso-tyreso-kommun-myggdalsvagen-26-1069968
2019-08-20,Myggdalsvägen 42,42,3.0,88.5,2050000,2095000,23164,5009,-0.02,SkandiaMäklarna Tyresö/Älta,16222137,https://www.hemnet.se/salda/lagenhet-3rum-centrala-tyreso-tyreso-kommun-myggdalsvagen-42-1058545
2019-08-20,Myggdalsvägen 104,104,5.0,114.5,3120000,2995000,27249,6378,0.04,Svensk Fastighetsförmedling Tyresö,16222124,https://www.hemnet.se/salda/lagenhet-5rum-centrala-tyreso-tyreso-kommun-myggdalsvagen-104-1058197
2019-08-18,Myggdalsvägen 28,28,3.0,89.0,2750000,2595000,30899,5170,0.06,SkandiaMäklarna Tyresö/Älta,16249793,https://www.hemnet.se/salda/lagenhet-3rum-centrala-tyreso-tyreso-kommun-myggdalsvagen-28-1057937
2019-08-16,"Myggdalsvägen 86, 1tr",86,3.0,88.5,2450000,2290000,27684,4995,0.07,HusmanHagberg Tyresö/Älta,16217235,"https://www.hemnet.se/salda/lagenhet-3rum-tyreso-centrum-tyreso-kommun-myggdalsvagen-86,-1tr-1056569"
2019-07-29,Myggdalsvägen 60,60,1.0,45.0,1835000,1395000,40778,2646,0.32,Svenska Mäklarhuset Johanneshov,16212908,https://www.hemnet.se/salda/lagenhet-1rum-tyreso-centrum-tyreso-kommun-myggdalsvagen-60-1049108
2019-07-08,Myggdalsvägen 108,108,2.0,49.0,2020000,1995000,41224,2770,0.01,SkandiaMäklarna Tyresö/Älta,16175359,https://www.hemnet.se/salda/lagenhet-2rum-centrala-tyreso-tyreso-kommun-myggdalsvagen-108-1042604
2019-06-27,myggdalsvägen 114,114,3.0,82.5,2300000,2295000,27879,4275,0.0,Bjurfors Haninge,16139243,https://www.hemnet.se/salda/lagenhet-3rum-tyreso-centrum-tyreso-kommun-myggdalsvagen-114-1037557
2019-06-19,Myggdalsvägen 32,32,4.0,88.5,2650000,2495000,29944,4878,0.06,Svensk Fastighetsförmedling Tyresö,16064213,https://www.hemnet.se/salda/lagenhet-4rum-tyreso-tyreso-kommun-myggdalsvagen-32-1032925
2019-06-05,Myggdalsvägen 26,26,4.0,88.5,2800000,2495000,31638,4722,0.12,SkandiaMäklarna Tyresö/Älta,13503156,https://www.hemnet.se/salda/lagenhet-4rum-centrala-tyreso-tyreso-kommun-myggdalsvagen-26-1025324
2019-06-04,Myggdalsvägen 100,100,2.0,74.0,2400000,2200000,32432,3935,0.09,Svensk Fastighetsförmedling Tyresö,16110436,https://www.hemnet.se/salda/lagenhet-2rum-tyreso-tyreso-kommun-myggdalsvagen-100-1024143
2019-06-02,Myggdalsvägen 66,66,3.0,88.5,2450000,2375000,27684,4995,0.03,Svensk Fastighetsförmedling Tyresö,16101251,https://www.hemnet.se/salda/lagenhet-3rum-centrala-tyreso-tyreso-kommun-myggdalsvagen-66-1023310
2019-05-22,Myggdalsvägen 36,36,4.0,89.0,2600000,2495000,29213,4878,0.04,SkandiaMäklarna Tyresö/Älta,15028475,https://www.hemnet.se/salda/lagenhet-4rum-tyreso-centrum-tyreso-kommun-myggdalsvagen-36-1016751
2019-05-15,Myggdalsvägen 74,74,3.0,82.5,2020000,1995000,24485,4336,0.01,Fastighetsbyrån Tyresö,16086259,https://www.hemnet.se/salda/lagenhet-3rum-centrala-tyreso-tyreso-kommun-myggdalsvagen-74-1011741
2019-05-15,Myggdalsvägen 12,12,4.0,90.0,2975000,2895000,33056,5100,0.03,SkandiaMäklarna Tyresö/Älta,16087636,https://www.hemnet.se/salda/lagenhet-4rum-centrala-tyreso-tyreso-kommun-myggdalsvagen-12-1011920
2019-05-08,Myggdalsvägen 56,56,4.0,94.0,2625000,2375000,27926,5051,0.11,Svensk Fastighetsförmedling Tyresö,16071204,https://www.hemnet.se/salda/lagenhet-4rum-tyreso-tyreso-kommun-myggdalsvagen-56-1001792
2019-05-07,"Myggdalsvägen 80, 1tr",80,3.0,88.5,2650000,2650000,29944,4840,0.0,Fastighetsbyrån Tyresö,16075604,"https://www.hemnet.se/salda/lagenhet-3rum-centrala-tyreso-tyreso-kommun-myggdalsvagen-80,-1tr-1001396"
2019-05-07,Myggdalsvägen 78,78,3.0,88.5,2350000,,26554,4722,,SkandiaMäklarna Tyresö/Älta,16115235,https://www.hemnet.se/salda/lagenhet-3rum-centrala-tyreso-tyreso-kommun-myggdalsvagen-78-1014338
2019-05-03,Myggdalsvägen 100,100,2.0,74.0,2500000,2295000,33784,3895,0.09,Svensk Fastighetsförmedling Tyresö,16064619,https://www.hemnet.se/salda/lagenhet-2rum-tyreso-tyreso-kommun-myggdalsvagen-100-997200
2019-04-09,"Myggdalsvägen 110, 4 tr",110,2.0,49.5,1835000,1695000,37071,2677,0.08,HusmanHagberg Tyresö/Älta,15970239,"https://www.hemnet.se/salda/lagenhet-2rum-tyreso-centrum-tyreso-kommun-myggdalsvagen-110,-4-tr-977762"
2019-04-08,"Myggdalsvägen 12, 2 tr",12,4.0,92.0,3000000,,32609,5105,,HusmanHagberg Tyresö/Älta,15764436,"https://www.hemnet.se/salda/lagenhet-4rum-tyreso-centrum-tyreso-kommun-myggdalsvagen-12,-2-tr-977763"
2019-03-29,Myggdalsvägen 14,14,4.0,90.0,2925000,2495000,32500,5043,0.17,HusmanHagberg Tyresö/Älta,15718496,https://www.hemnet.se/salda/lagenhet-4rum-tyreso-centrum-tyreso-kommun-myggdalsvagen-14-972962
2019-03-07,Myggdalsvägen 70,70,4.0,94.0,2400000,2095000,25532,5051,0.15,SkandiaMäklarna Tyresö/Älta,15818095,https://www.hemnet.se/salda/lagenhet-4rum-centrala-tyreso-tyreso-kommun-myggdalsvagen-70-963194
2019-03-06,Myggdalsvägen 94,94,2.0,45.0,1475000,1695000,32778,2556,-0.13,Svensk Fastighetsförmedling Tyresö,15727117,https://www.hemnet.se/salda/lagenhet-2rum-tyreso-tyreso-kommun-myggdalsvagen-94-997748
2019-02-26,Myggdalsvägen 46,46,4.0,90.0,2410000,2150000,26778,5306,0.12,Svensk Fastighetsförmedling Tyresö,15777715,https://www.hemnet.se/salda/lagenhet-4rum-centrala-tyreso-tyreso-kommun-myggdalsvagen-46-956125
2019-02-20,Myggdalsvägen 22,22,4.0,94.0,2580000,2295000,27447,5051,0.12,Notar,14020338,https://www.hemnet.se/salda/lagenhet-4rum-centrala-tyreso-tyreso-kommun-myggdalsvagen-22-949469
2019-02-19,Myggdalsvägen 112,112,4.0,94.5,2150000,2195000,22751,5183,-0.02,Svensk Fastighetsförmedling Tyresö,15724976,https://www.hemnet.se/salda/lagenhet-4rum-tyreso-tyreso-kommun-myggdalsvagen-112-948826
2019-01-09,Myggdalsvägen 6,6,2.0,49.5,1990000,1795000,40202,2677,0.11,Svensk Fastighetsförmedling Tyresö,15525256,https://www.hemnet.se/salda/lagenhet-2rum-tyreso-tyreso-kommun-myggdalsvagen-6-931915
2019-01-04,Myggdalsvägen 8,8,2.0,49.5,2000000,1850000,40404,2677,0.08,SkandiaMäklarna Tyresö/Älta,15497435,https://www.hemnet.se/salda/lagenhet-2rum-centrala-tyreso-tyreso-kommun-myggdalsvagen-8-928747
2018-12-11,Myggdalsvägen 22,22,4.0,94.0,2800000,2495000,29787,5051,0.12,LF Fastighetsförmedling Tyresö,15345135,https://www.hemnet.se/salda/lagenhet-4rum-centrala-tyreso-tyreso-kommun-myggdalsvagen-22-922632
2018-11-29,"Myggdalsvägen 100, 5tr",100,2.0,74.0,2000000,2100000,27027,3992,-0.05,HusmanHagberg Tyresö/Älta,15274316,"https://www.hemnet.se/salda/lagenhet-2rum-tyreso-centrum-tyreso-kommun-myggdalsvagen-100,-5tr-918592"
2018-11-15,Myggdalsvägen 28,28,3.0,88.5,2700000,2495000,30508,4995,0.08,Fastighetsbyrån Tyresö,15110055,https://www.hemnet.se/salda/lagenhet-3rum-centrala-tyreso-tyreso-kommun-myggdalsvagen-28-912128
2018-11-08,Myggdalsvägen 76,76,4.0,94.0,2320000,2495000,24681,5168,-0.07,Mäklarhuset Enskede,14868415,https://www.hemnet.se/salda/lagenhet-4rum-centrala-tyreso-tyreso-kommun-myggdalsvagen-76-909775
2018-10-25,Myggdalsvägen 82,82,4.0,94.0,2500000,2495000,26596,5051,0.0,SkandiaMäklarna Tyresö/Älta,14875055,https://www.hemnet.se/salda/lagenhet-4rum-tyreso-centrum-tyreso-kommun-myggdalsvagen-82-903550
2018-10-21,Myggdalsvägen 72,72,4.0,94.0,2700000,2495000,28723,5168,0.08,Svensk Fastighetsförmedling Tyresö,14916176,https://www.hemnet.se/salda/lagenhet-4rum-tyreso-tyreso-kommun-myggdalsvagen-72-900648
2018-10-17,Myggdalsvägen 64,64,1.5,45.0,1900000,1795000,42222,2439,0.06,Svensk Fastighetsförmedling Tyresö,14981995,"https://www.hemnet.se/salda/lagenhet-1,5rum-tyreso-tyreso-kommun-myggdalsvagen-64-898706"
2018-09-18,"Myggdalsvägen 64, 1tr",64,4.0,92.0,3050000,2495000,33152,5105,0.22,HusmanHagberg Tyresö/Älta,14654675,"https://www.hemnet.se/salda/lagenhet-4rum-tyreso-centrum-tyreso-kommun-myggdalsvagen-64,-1tr-883756"
2018-09-14,Myggdalsvägen 122,122,3.0,88.5,2395000,2395000,27062,4878,0.0,SkandiaMäklarna Tyresö/Älta,14582435,https://www.hemnet.se/salda/lagenhet-3rum-centrala-tyreso-tyreso-kommun-myggdalsvagen-122-881914
2018-08-22,Myggdalsvägen 22,22,4.0,94.5,2510000,2250000,26561,5183,0.12,SkandiaMäklarna Tyresö/Älta,14437717,https://www.hemnet.se/salda/lagenhet-4rum-centrala-tyreso-tyreso-kommun-myggdalsvagen-22-870371
2018-06-17,"Myggdalsvägen 46, 5 tr.",46,4.0,92.0,3000000,2575000,32609,5252,0.17,SkandiaMäklarna Tyresö/Älta,14086195,"https://www.hemnet.se/salda/lagenhet-4rum-centrala-tyreso-tyreso-kommun-myggdalsvagen-46,-5-tr,-845636"
2018-05-22,Myggdalsvägen 50,50,2.0,45.0,2200000,1990000,48889,2497,0.11,SkandiaMäklarna Tyresö/Älta,13918315,https://www.hemnet.se/salda/lagenhet-2rum-tyreso-centrum-tyreso-kommun-myggdalsvagen-50-831994
2018-05-20,Myggdalsvägen 28,28,4.0,88.5,2900000,2395000,32768,4995,0.21,Svensk Fastighetsförmedling Tyresö,13856036,https://www.hemnet.se/salda/lagenhet-4rum-centrum-tyreso-kommun-myggdalsvagen-28-831266
2018-05-04,"Myggdalsvägen 62, MP",62,1.5,45.0,1900000,1495000,42222,2439,0.27,Fastighetsbyrån Tyresö,13744246,"https://www.hemnet.se/salda/lagenhet-1,5rum-centrala-tyreso-tyreso-kommun-myggdalsvagen-62,-mp-824082"
2018-04-24,Myggdalsvägen 14,14,4.0,90.0,2700000,2395000,30000,5160,0.13,LF Fastighetsförmedling Tyresö,13708576,https://www.hemnet.se/salda/lagenhet-4rum-centrala-tyreso-tyreso-kommun-myggdalsvagen-14-819817
2018-04-04,"Myggdalsvägen 78, 1tr",78,3.0,88.5,2295000,2295000,25932,4722,0.0,HusmanHagberg Tyresö/Älta,13563137,"https://www.hemnet.se/salda/lagenhet-3rum-tyreso-centrum-tyreso-kommun-myggdalsvagen-78,-1tr-811907"
2018-03-26,"Myggdalsvägen 8, 3tr",8,2.0,49.5,2060000,1850000,41616,2638,0.11,HusmanHagberg Tyresö/Älta,13590417,"https://www.hemnet.se/salda/lagenhet-2rum-tyreso-centrum-tyreso-kommun-myggdalsvagen-8,-3tr-809065"
2018-03-15,Myggdalsvägen 6,6,2.0,74.0,2395000,2395000,32365,3974,0.0,Svensk Fastighetsförmedling Tyresö,13480775,https://www.hemnet.se/salda/lagenhet-2rum-centrum-tyreso-kommun-myggdalsvagen-6-805051
2018-02-28,"Myggdalsvägen 108, BV",108,2.0,69.0,2100000,2195000,30435,3948,-0.04,Fastighetsbyrån Tyresö,13427418,"https://www.hemnet.se/salda/lagenhet-2rum-centrala-tyreso-tyreso-kommun-myggdalsvagen-108,-bv-798969"
2018-02-20,Myggdalsvägen 108,108,2.0,74.0,2200000,1895000,29730,3738,0.16,SkandiaMäklarna Tyresö/Älta,13489076,https://www.hemnet.se/salda/lagenhet-2rum-centrala-tyreso-tyreso-kommun-myggdalsvagen-108-795684
2018-02-14,Myggdalsvägen 98,98,3.0,90.0,2675000,2295000,29722,5043,0.17,SkandiaMäklarna Tyresö/Älta,13426115,https://www.hemnet.se/salda/lagenhet-3rum-centrala-tyreso-tyreso-kommun-myggdalsvagen-98-792996
2018-01-21,Myggdalsvägen 110,110,2.0,74.0,2295000,2295000,31014,3816,0.0,Svensk Fastighetsförmedling Tyresö,13185055,https://www.hemnet.se/salda/lagenhet-2rum-centrum-tyreso-kommun-myggdalsvagen-110-785894
2018-01-15,"Myggdalsvägen 36, markplan",36,2.0,79.5,2295000,2295000,28868,3872,0.0,HusmanHagberg Tyresö/Älta,13132455,"https://www.hemnet.se/salda/lagenhet-2rum-tyreso-centrum-tyreso-kommun-myggdalsvagen-36,-markplan-779208"
2017-10-22,Myggdalsvägen 68,68,4.0,88.5,2550000,2250000,28814,4878,0.13,Svensk Fastighetsförmedling Tyresö,12684035,https://www.hemnet.se/salda/lagenhet-4rum-centrum-tyreso-kommun-myggdalsvagen-68-750273
2017-10-16,Myggdalsvägen 100,100,2.0,74.0,2395000,2395000,32365,3895,0.0,SkandiaMäklarna Tyresö/Älta,12246816,https://www.hemnet.se/salda/lagenhet-2rum-centrala-tyreso-tyreso-kommun-myggdalsvagen-100-747627
2017-09-28,Myggdalsvägen 90,90,4.0,90.0,2900000,2495000,32222,4983,0.16,Svensk Fastighetsförmedling Tyresö,12415257,https://www.hemnet.se/salda/lagenhet-4rum-centrum-tyreso-kommun-myggdalsvagen-90-738375
2017-09-26,Myggdalsvägen 44,44,3.0,77.5,2700000,2295000,34839,3926,0.18,SkandiaMäklarna Tyresö/Älta,12412083,https://www.hemnet.se/salda/lagenhet-3rum-centrala-tyreso-tyreso-kommun-myggdalsvagen-44-737372
2017-09-19,Myggdalsvägen 48,48,4.0,92.0,2750000,2495000,29891,5163,0.1,Mäklarhuset Älta,12380455,https://www.hemnet.se/salda/lagenhet-4rum-centrum-tyreso-kommun-myggdalsvagen-48-733616
2017-09-18,"Myggdalsvägen 36, 3 tr",36,4.0,88.5,2395000,2395000,27062,4995,0.0,HusmanHagberg Tyresö/Älta,12340717,"https://www.hemnet.se/salda/lagenhet-4rum-tyreso-centrum-tyreso-kommun-myggdalsvagen-36,-3-tr-732303"
2017-09-15,Myggdalsvägen 82,82,4.0,94.5,2450000,1995000,25926,5183,0.23,Fastighetsbyrån Tyresö,12357560,https://www.hemnet.se/salda/lagenhet-4rum-centrala-tyreso-tyreso-kommun-myggdalsvagen-82-731246
2017-08-23,"Myggdalsvägen 16, 4 tr",16,3.0,92.0,2860000,2495000,31087,5222,0.15,Svensk Fastighetsförmedling Tyresö,12123737,"https://www.hemnet.se/salda/lagenhet-3rum-centrum-tyreso-kommun-myggdalsvagen-16,-4-tr-718075"
2017-08-01,Myggdalsvägen 50,50,3.0,90.0,3000000,2495000,33333,4983,0.2,Svensk Fastighetsförmedling Tyresö,12017435,https://www.hemnet.se/salda/lagenhet-3rum-tyreso-tyreso-kommun-myggdalsvagen-50-709186
2017-07-04,Myggdalsvägen 94,94,4.0,92.0,2850000,2495000,30978,5105,0.14,Svensk Fastighetsförmedling Tyresö,11854975,https://www.hemnet.se/salda/lagenhet-4rum-centrum-tyreso-kommun-myggdalsvagen-94-700838
2017-06-22,Myggdalsvägen 82,82,4.0,94.5,2700000,2350000,28571,5183,0.15,Fastighetsbyrån Tyresö,11751155,https://www.hemnet.se/salda/lagenhet-4rum-centrala-tyreso-tyreso-kommun-myggdalsvagen-82-696953
2017-06-14,Myggdalsvägen 86,86,4.0,88.5,2700000,2295000,30508,4878,0.18,Fastighetsbyrån Tyresö,11697856,https://www.hemnet.se/salda/lagenhet-4rum-centrala-tyreso-tyreso-kommun-myggdalsvagen-86-691323
2017-05-30,Myggdalsvägen 64,64,4.0,90.0,2800000,2295000,31111,5100,0.22,Fastighetsbyrån Tyresö,11598377,https://www.hemnet.se/salda/lagenhet-4rum-centrala-tyreso-tyreso-kommun-myggdalsvagen-64-684251
2017-05-03,"Myggdalsvägen 84, 3 tr",84,4.0,94.5,2525000,2195000,26720,5065,0.15,HusmanHagberg Tyresö/Älta,11384636,"https://www.hemnet.se/salda/lagenhet-4rum-tyreso-centrum-tyreso-kommun-myggdalsvagen-84,-3-tr-670072"
2017-04-27,Myggdalsvägen 36,36,4.0,88.5,2625000,2195000,29661,4878,0.2,Fastighetsbyrån Tyresö,11365636,https://www.hemnet.se/salda/lagenhet-4rum-centrala-tyreso-tyreso-kommun-myggdalsvagen-36-667473
2017-04-24,Myggdalsvägen 106,106,2.0,49.5,2150000,1795000,43434,2677,0.2,Svensk Fastighetsförmedling Tyresö,11332677,https://www.hemnet.se/salda/lagenhet-2rum-centrala-tyreso-tyreso-kommun-myggdalsvagen-106-663597
2017-03-29,"Myggdalsvägen 116, BV",116,2.0,77.5,2450000,1795000,31613,3926,0.36,HusmanHagberg Tyresö/Älta,11142917,"https://www.hemnet.se/salda/lagenhet-2rum-tyreso-centrum-tyreso-kommun-myggdalsvagen-116,-bv-652319"
2017-03-29,"Myggdalsvägen 18, 4tr",18,4.0,92.0,2750000,2195000,29891,5222,0.25,Fastighetsbyrån Tyresö,11139338,"https://www.hemnet.se/salda/lagenhet-4rum-centrala-tyreso-tyreso-kommun-myggdalsvagen-18,-4tr-651787"
2017-03-21,Myggdalsvägen 6,6,2.0,74.0,2800000,2695000,37838,3974,0.04,Svensk Fastighetsförmedling Tyresö,11095656,https://www.hemnet.se/salda/lagenhet-2rum-centrum-tyreso-kommun-myggdalsvagen-6-648143
2017-03-17,Myggdalsvägen 64,64,4.0,90.0,2650000,2195000,29444,4983,0.21,Fastighetsbyrån Tyresö,11091595,https://www.hemnet.se/salda/lagenhet-4rum-tyreso-tyreso-kommun-myggdalsvagen-64-646785
2017-03-02,"Myggdalsvägen 122, 1tr",122,4.0,88.5,2405000,2295000,27175,4994,0.05,SkandiaMäklarna Tyresö/Älta,10919455,"https://www.hemnet.se/salda/lagenhet-4rum-centrala-tyreso-tyreso-kommun-myggdalsvagen-122,-1tr-640718"
2017-02-26,"Myggdalsvägen 104, 3 tr",104,2.0,74.0,2210000,1995000,29865,3935,0.11,MOHV Stockholm AB,10918458,"https://www.hemnet.se/salda/lagenhet-2rum-centrala-tyreso-tyreso-kommun-myggdalsvagen-104,-3-tr-637486"
2017-02-17,Myggdalsvägen 48,48,1.5,45.0,1800000,1495000,40000,2556,0.2,Fastighetsbyrån Tyresö,10905035,"https://www.hemnet.se/salda/lagenhet-1,5rum-centrala-tyreso-tyreso-kommun-myggdalsvagen-48-635368"
2017-02-06,Myggdalsvägen 20,20,2.0,45.0,1950000,1750000,43333,2439,0.11,Svensk Fastighetsförmedling Tyresö,10862317,https://www.hemnet.se/salda/lagenhet-2rum-tyreso-tyreso-kommun-myggdalsvagen-20-629769
2017-02-01,Myggdalsvägen 100,100,2.0,49.5,1970000,1725000,39798,2638,0.14,SkandiaMäklarna Tyresö/Älta,10777416,https://www.hemnet.se/salda/lagenhet-2rum-centrala-tyreso-tyreso-kommun-myggdalsvagen-100-628357
2016-12-27,"Myggdalsvägen 10, 5tr",10,2.0,74.0,2750000,1995000,37162,3816,0.38,HusmanHagberg Tyresö/Älta,10486556,"https://www.hemnet.se/salda/lagenhet-2rum-centrala-tyreso-tyreso-kommun-myggdalsvagen-10,-5tr-616265"
2016-12-08,"Myggdalsvägen 90, 2 tr",90,3.0,90.0,2450000,2050000,27222,5160,0.2,Fastighetsbyrån Tyresö,10493215,"https://www.hemnet.se/salda/lagenhet-3rum-centrala-tyreso-tyreso-kommun-myggdalsvagen-90,-2-tr-612363"
2016-12-05,Myggdalsvägen 48,48,3.0,92.0,2600000,2295000,28261,5252,0.13,Svensk Fastighetsförmedling Tyresö,10475575,https://www.hemnet.se/salda/lagenhet-3rum-centrum-tyreso-kommun-myggdalsvagen-48-610801
2016-11-29,Myggdalsvägen 120,120,2.0,77.5,2050000,1850000,26452,3926,0.11,Svensk Fastighetsförmedling Tyresö,10441896,https://www.hemnet.se/salda/lagenhet-2rum-centrala-tyreso-tyreso-kommun-myggdalsvagen-120-608349
2016-11-22,Myggdalsvägen 14,14,3.0,92.0,2480000,2250000,26957,5105,0.1,Svensk Fastighetsförmedling Tyresö,10377497,https://www.hemnet.se/salda/lagenhet-3rum-centrum-tyreso-kommun-myggdalsvagen-14-605457
2016-11-16,Myggdalsvägen 86 SÅLD   SÅLD innan visn.,86,3.0,88.5,2000000,1800000,22599,4995,0.11,HusmanHagberg Tyresö/Älta,10359955,"https://www.hemnet.se/salda/lagenhet-3rum-centrala-tyreso-tyreso-kommun-myggdalsvagen-86-sald-sald-innan-visn,-604644"
2016-11-01,Myggdalsvägen 60,60,4.0,92.0,2600000,2495000,28261,5252,0.04,Svensk Fastighetsförmedling Tyresö,10230796,https://www.hemnet.se/salda/lagenhet-4rum-centrum-tyreso-kommun-myggdalsvagen-60-596745
2016-10-11,Myggdalsvägen 32,32,3.0,88.5,2450000,2275000,27684,4878,0.08,Svensk Fastighetsförmedling Tyresö,10152535,https://www.hemnet.se/salda/lagenhet-3rum-centrum-tyreso-kommun-myggdalsvagen-32-586816
2016-10-03,Myggdalsvägen 120,120,3.0,88.5,2310000,2095000,26102,4995,0.1,Svensk Fastighetsförmedling Tyresö,9960435,https://www.hemnet.se/salda/lagenhet-3rum-centrum-tyreso-kommun-myggdalsvagen-120-583124
2016-09-29,Myggdalsvägen 10,10,2.0,49.5,1880000,1595000,37980,2600,0.18,Fastighetsbyrån Tyresö,10043795,https://www.hemnet.se/salda/lagenhet-2rum-centrala-tyreso-tyreso-kommun-myggdalsvagen-10-582328
2016-09-21,Myggdalsvägen 112,112,4.0,94.0,2175000,2200000,23138,5051,-0.01,Svensk Fastighetsförmedling Tyresö,9895216,https://www.hemnet.se/salda/lagenhet-4rum-tyreso-centrum-tyreso-kommun-myggdalsvagen-112-576064
2016-09-14,Myggdalsvägen 34,34,3.0,88.5,2245000,1995000,25367,4878,0.13,Notar,9835055,https://www.hemnet.se/salda/lagenhet-3rum-centrala-tyreso-tyreso-kommun-myggdalsvagen-34-574162
2016-09-06,Myggdalsvägen 82,82,4.0,94.0,2325000,2250000,24734,5051,0.03,Svensk Fastighetsförmedling Tyresö,9766115,https://www.hemnet.se/salda/lagenhet-4rum-centrala-tyreso-tyreso-kommun-myggdalsvagen-82-567027
2016-08-16,Myggdalsvägen 6,6,2.0,74.0,2300000,1800000,31081,3935,0.28,HusmanHagberg Tyresö/Älta,9670115,https://www.hemnet.se/salda/lagenhet-2rum-centrala-tyreso-tyreso-kommun-myggdalsvagen-6-555316
2016-08-10,"Myggdalsvägen 100, 5 tr.",100,2.0,74.0,2075000,1995000,28041,3992,0.04,HusmanHagberg Tyresö/Älta,9618295,"https://www.hemnet.se/salda/lagenhet-2rum-centrala-tyreso-tyreso-kommun-myggdalsvagen-100,-5-tr,-552588"
2016-06-27,"Myggdalsvägen 28, 2 tr",28,3.0,89.0,2350000,2275000,26404,4995,0.03,SkandiaMäklarna Tyresö/Älta,9386075,"https://www.hemnet.se/salda/lagenhet-3rum-centrala-tyreso-tyreso-kommun-myggdalsvagen-28,-2-tr-538383"
2016-06-27,Myggdalsvägen 108,108,2.0,49.5,1800000,1650000,36364,2677,0.09,Svensk Fastighetsförmedling Tyresö,9447315,https://www.hemnet.se/salda/lagenhet-2rum-centrala-tyreso-tyreso-kommun-myggdalsvagen-108-537950
2016-06-22,"Myggdalsvägen 68, BV",68,4.0,88.5,2325000,2395000,26271,4722,-0.03,HusmanHagberg Tyresö/Älta,9315535,"https://www.hemnet.se/salda/lagenhet-4rum-centrala-tyreso-tyreso-kommun-myggdalsvagen-68,-bv-536417"
2016-05-11,Myggdalsvägen  104,104,2.0,49.5,1770000,1595000,35758,2697,0.11,HusmanHagberg Tyresö/Älta,9102980,https://www.hemnet.se/salda/lagenhet-2rum-centrala-tyreso-tyreso-kommun-myggdalsvagen-104-514522
2016-04-05,"Myggdalsvägen 112, BV",112,3.0,85.5,2810000,2495000,32865,4314,0.13,HusmanHagberg Tyresö/Älta,8934975,"https://www.hemnet.se/salda/lagenhet-3rum-centrala-tyreso-tyreso-kommun-myggdalsvagen-112,-bv-497412"
2016-03-23,Myggdalsvägen 86,86,4.0,88.5,2225000,1995000,25141,4878,0.12,HusmanHagberg Tyresö/Älta,8860295,https://www.hemnet.se/salda/lagenhet-4rum-centrala-tyreso-tyreso-kommun-myggdalsvagen-86-493635
2016-03-22,"Myggdalsvägen 26, 1tr",26,3.0,88.5,2285000,1825000,25819,4878,0.25,Fastighetsbyrån Tyresö,8846735,"https://www.hemnet.se/salda/lagenhet-3rum-centrala-tyreso-tyreso-kommun-myggdalsvagen-26,-1tr-493928"
2016-03-09,"Myggdalsvägen 42, 1tr",42,4.0,88.5,2670000,2645000,30169,4995,0.01,HusmanHagberg Tyresö/Älta,8797539,"https://www.hemnet.se/salda/lagenhet-4rum-centrala-tyreso-tyreso-kommun-myggdalsvagen-42,-1tr-487118"
2016-02-08,"Myggdalsvägen 12, 1 tr",12,4.0,90.0,3050000,2495000,33889,5100,0.22,HusmanHagberg Tyresö/Älta,8696797,"https://www.hemnet.se/salda/lagenhet-4rum-centrala-tyreso-tyreso-kommun-myggdalsvagen-12,-1-tr-472974"
2016-01-26,"Myggdalsvägen 12, 2 tr",12,3.0,92.0,2750000,2250000,29891,5105,0.22,Svensk Fastighetsförmedling Tyresö,8623815,"https://www.hemnet.se/salda/lagenhet-3rum-centrala-tyreso-tyreso-kommun-myggdalsvagen-12,-2-tr-471770"
2015-12-05,Myggdalsvägen 18,18,3.0,90.0,2625000,2200000,29167,4866,0.19,HusmanHagberg Tyresö/Älta,8441596,https://www.hemnet.se/salda/lagenhet-3rum-centrala-tyreso-tyreso-kommun-myggdalsvagen-18-455005
2015-12-03,"Myggdalsvägen 14, 6tr",14,3.0,90.0,2540000,2295000,28222,4866,0.11,Fastighetsbyrån Tyresö,8422198,"https://www.hemnet.se/salda/lagenhet-3rum-centrala-tyreso-tyreso-kommun-myggdalsvagen-14,-6tr-455755"
2015-11-26,Myggdalsvägen 86,86,4.0,88.5,2525000,2195000,28531,4995,0.15,HusmanHagberg Tyresö/Älta,8393697,https://www.hemnet.se/salda/lagenhet-4rum-centrala-tyreso-tyreso-kommun-myggdalsvagen-86-451567
2015-11-12,"Myggdalsvägen 12, nb",12,3.0,90.0,2000000,1850000,22222,4828,0.08,Fastighetsbyrån Tyresö,8367277,"https://www.hemnet.se/salda/lagenhet-3rum-centrala-tyreso-tyreso-kommun-myggdalsvagen-12,-nb-444757"
2015-11-05,Myggdalsvägen 78,78,3.0,88.5,2600000,2225000,29379,4878,0.17,Svensk Fastighetsförmedling,8230215,https://www.hemnet.se/salda/lagenhet-3rum-tyreso-centrum-tyreso-kommun-myggdalsvagen-78-442094
2015-11-02,"Myggdalsvägen 92, 3 tr",92,4.0,92.0,2090000,1795000,22717,5163,0.16,Fastighetsbyrån Tyresö,8250261,"https://www.hemnet.se/salda/lagenhet-4rum-centrala-tyreso-tyreso-kommun-myggdalsvagen-92,-3-tr-439832"
2015-10-27,Myggdalsvägen 50,50,3.0,90.0,2100000,1995000,23333,4983,0.05,Svensk Fastighetsförmedling,8240175,https://www.hemnet.se/salda/lagenhet-3rum-tyreso-centrum-tyreso-kommun-myggdalsvagen-50-437084
2015-10-22,Myggdalsvägen 104,104,5.0,114.5,2495000,2495000,21790,6299,0.0,Svensk Fastighetsförmedling,8210555,https://www.hemnet.se/salda/lagenhet-5rum-tyreso-centrum-tyreso-kommun-myggdalsvagen-104-433907
2015-09-23,Myggdalsvägen 74,74,3.0,85.5,2520000,2395000,29474,4432,0.05,Svensk Fastighetsförmedling,8080540,https://www.hemnet.se/salda/lagenhet-3rum-tyreo-centrum-tyreso-kommun-myggdalsvagen-74-419522
2015-09-23,"Myggdalsvägen 98, 2 tr",98,4.0,90.0,2120000,1595000,23556,5043,0.33,Fastighetsbyrån Tyresö,8075856,"https://www.hemnet.se/salda/lagenhet-4rum-centrala-tyreso-tyreso-kommun-myggdalsvagen-98,-2-tr-419371"
2015-09-22,Myggdalsvägen 122,122,,88.5,2500000,2225000,28249,4840,0.12,Svensk Fastighetsförmedling,8100035,"https://www.hemnet.se/salda/lagenhet-88,5m2-centrala-tyreso-tyreso-kommun-myggdalsvagen-122-418843"
2015-09-01,Myggdalsvägen 94,94,4.0,92.0,2330000,2200000,25326,5105,0.06,Svensk Fastighetsförmedling,7967296,https://www.hemnet.se/salda/lagenhet-4rum-tyreso-centrum-tyreso-kommun-myggdalsvagen-94-407893
2015-08-26,Myggdalsvägen 46,46,2.0,46.0,1850000,1495000,40217,2556,0.24,Svensk Fastighetsförmedling,7927796,https://www.hemnet.se/salda/lagenhet-2rum-centrala-tyreso-tyreso-kommun-myggdalsvagen-46-404640
2015-08-21,Myggdalsvägen 28,28,4.0,88.5,1980000,1675000,22373,4995,0.18,Fastighetsbyrån Tyresö,7886277,https://www.hemnet.se/salda/lagenhet-4rum-centrala-tyreso-tyreso-kommun-myggdalsvagen-28-401454
2015-08-20,"Myggdalsvägen 12, 1 tr",12,4.0,90.0,1920000,1795000,21333,5100,0.07,HusmanHagberg Tyresö/Älta,7887316,"https://www.hemnet.se/salda/lagenhet-4rum-centrala-tyreso-tyreso-kommun-myggdalsvagen-12,-1-tr-400903"
2015-08-17,Myggdalsvägen 14,14,4.0,92.0,2800000,2475000,30435,5072,0.13,Svensk Fastighetsförmedling,7885240,https://www.hemnet.se/salda/lagenhet-4rum-centrala-tyreso-tyreso-kommun-myggdalsvagen-14-399124
2015-07-02,"Myggdalsvägen 110, 1tr",110,2.0,74.0,1920000,1595000,25946,3738,0.2,HusmanHagberg Tyresö/Älta,7679695,"https://www.hemnet.se/salda/lagenhet-2rum-centrala-tyreso-tyreso-kommun-myggdalsvagen-110,-1tr-381223"
2015-06-10,"Myggdalsvägen 100, 4 tr",100,2.0,49.5,1935000,1695000,39091,2677,0.14,Fastighetsbyrån Tyresö,7501557,"https://www.hemnet.se/salda/lagenhet-2rum-centrala-tyreso-tyreso-kommun-myggdalsvagen-100,-4-tr-370215"
2015-06-01,"Myggdalsvägen 102, 1tr",102,2.0,74.0,1710000,1495000,23108,3856,0.14,HusmanHagberg Tyresö/Älta,7451635,"https://www.hemnet.se/salda/lagenhet-2rum-centrala-tyreso-tyreso-kommun-myggdalsvagen-102,-1tr-362886"
2015-05-23,"Myggdalsvägen 108, 5tr",108,2.0,49.5,1650000,1450000,33333,2519,0.14,HusmanHagberg Tyresö/Älta,7406455,"https://www.hemnet.se/salda/lagenhet-2rum-centrala-tyreso-tyreso-kommun-myggdalsvagen-108,-5tr-355823"
2015-05-21,"Myggdalsvägen 14, 3 tr",14,3.0,90.0,2600000,1995000,28889,5100,0.3,Svensk Fastighetsförmedling,7294556,"https://www.hemnet.se/salda/lagenhet-3rum-tyreso-centrum-tyreso-kommun-myggdalsvagen-14,-3-tr-355721"
2015-05-13,"Myggdalsvägen 64, 5 tr",64,4.0,92.0,2710000,1925000,29457,5369,0.41,Fastighetsbyrån Tyresö,7176340,"https://www.hemnet.se/salda/lagenhet-4rum-centrala-tyreso-tyreso-kommun-myggdalsvagen-64,-5-tr-389700"
2015-05-11,"Myggdalsvägen 106, 2tr",106,2.0,49.5,1850000,1595000,37374,2600,0.16,HusmanHagberg Tyresö/Älta,7275800,"https://www.hemnet.se/salda/lagenhet-2rum-centrala-tyreso-tyreso-kommun-myggdalsvagen-106,-2tr-350234"
2015-04-22,"Myggdalsvägen 8, 1tr",8,2.0,49.5,1805000,1495000,36465,2559,0.21,HusmanHagberg Tyresö/Älta,7124875,"https://www.hemnet.se/salda/lagenhet-2rum-centrala-tyreso-tyreso-kommun-myggdalsvagen-8,-1tr-335260"
2015-04-15,Myggdalsvägen 52,52,4.0,94.5,2305000,1995000,24392,5183,0.16,Bjurfors Haninge,7099096,https://www.hemnet.se/salda/lagenhet-4rum-tyreso-centrum-tyreso-kommun-myggdalsvagen-52-331308
2015-04-15,"Myggdalsvägen 34, BV",34,3.0,88.5,2230000,1795000,25198,4840,0.24,Fastighetsbyrån Tyresö,7088295,"https://www.hemnet.se/salda/lagenhet-3rum-centrala-tyreso-tyreso-kommun-myggdalsvagen-34,-bv-330432"
2015-03-30,"Myggdalsvägen 64, 2tr",64,4.0,92.0,2200000,1995000,23913,5222,0.1,HusmanHagberg Tyresö/Älta,7018717,"https://www.hemnet.se/salda/lagenhet-4rum-centrala-tyreso-tyreso-kommun-myggdalsvagen-64,-2tr-324367"
2015-03-23,"Myggdalsvägen 110, 3tr",110,2.0,49.5,1850000,1650000,37374,2638,0.12,HusmanHagberg Tyresö/Älta,7044675,"https://www.hemnet.se/salda/lagenhet-2rum-centrala-tyreso-tyreso-kommun-myggdalsvagen-110,-3tr-319171"
2015-03-22,"Myggdalsvägen 100, bv",100,2.0,58.0,2000000,1495000,34483,2963,0.34,HusmanHagberg Tyresö/Älta,7018296,"https://www.hemnet.se/salda/lagenhet-2rum-centrala-tyreso-tyreso-kommun-myggdalsvagen-100,-bv-318802"
2015-02-20,"Myggdalsvägen 8, 4tr",8,2.0,74.0,1850000,1450000,25000,3974,0.28,HusmanHagberg Tyresö/Älta,6945898,"https://www.hemnet.se/salda/lagenhet-2rum-centrala-tyreso-tyreso-kommun-myggdalsvagen-8,-4tr-305699"
2015-02-14,Myggdalsvägen 14,14,4.0,90.0,2215000,1990000,24611,5150,0.11,Svensk Fastighetsförmedling,6896598,https://www.hemnet.se/salda/lagenhet-4rum-centrala-tyreso-tyreso-kommun-myggdalsvagen-14-302680
2015-02-12,Myggdalsvägen 108,108,2.0,69.0,1975000,1975000,28623,3948,0.0,SkandiaMäklarna Tyresö/Älta,6649955,https://www.hemnet.se/salda/lagenhet-2rum-centrala-tyreso-tyreso-kommun-myggdalsvagen-108-302748
2015-01-20,Myggdalsvägen 8,8,2.0,49.5,1700000,1395000,34343,2519,0.22,Fastighetsbyrån Tyresö,6858795,https://www.hemnet.se/salda/lagenhet-2rum-centrala-tyreso-tyreso-kommun-myggdalsvagen-8-293153
2015-01-14,"Myggdalsvägen 102,5 tr.",102,2.0,74.0,1640000,1595000,22162,3992,0.03,SkandiaMäklarna Tyresö/Älta,6806255,"https://www.hemnet.se/salda/lagenhet-2rum-centrala-tyreso-tyreso-kommun-myggdalsvagen-102,5-tr,-291068"
2015-01-11,Myggdalsvägen 90,90,4.0,90.0,1830000,1690000,20333,4828,0.08,Svensk Fastighetsförmedling,6843035,https://www.hemnet.se/salda/lagenhet-4rum-centrala-tyreso-tyreso-kommun-myggdalsvagen-90-289145
2014-12-16,Myggdalsvägen 16,16,4.0,90.0,2005000,2100000,22278,5150,-0.05,Svensk Fastighetsförmedling,6772415,https://www.hemnet.se/salda/lagenhet-4rum-tyreso-centrum-tyreso-kommun-myggdalsvagen-16-285591
2014-12-09,"Myggdalsvägen 20, BV",20,1.5,45.0,1600000,1475000,35556,2439,0.08,HusmanHagberg Tyresö/Älta,6775327,"https://www.hemnet.se/salda/lagenhet-1,5rum-centrala-tyreso-tyreso-kommun-myggdalsvagen-20,-bv-289234"
2014-11-11,Myggdalsvägen 120,120,3.0,88.5,1701000,1395000,19220,4878,0.22,Fastighetsbyrån Tyresö,6713837,https://www.hemnet.se/salda/lagenhet-3rum-centrala-tyreso-tyreso-kommun-myggdalsvagen-120-272428
2014-11-06,Myggdalsvägen 100,100,2.0,74.0,1650000,1495000,22297,3895,0.1,Fastighetsbyrån Tyresö,6689855,https://www.hemnet.se/salda/lagenhet-2rum-centrala-tyreso-tyreso-kommun-myggdalsvagen-100-271421
2014-09-16,Myggdalsvägen 58,58,3.0,85.5,1800000,1595000,21053,4432,0.13,Fastighetsbyrån Tyresö,6571295,https://www.hemnet.se/salda/lagenhet-3rum-centrala-tyreso-tyreso-kommun-myggdalsvagen-58-245756
2014-09-09,Myggdalsvägen 20,20,4.0,92.0,2100000,2050000,22826,5150,0.02,Svensk Fastighetsförmedling,6538923,https://www.hemnet.se/salda/lagenhet-4rum-centrala-tyreso-tyreso-kommun-myggdalsvagen-20-244162
2014-08-12,Myggdalsvägen 68,68,4.0,88.5,1800000,1395000,20339,4878,0.29,Svensk Fastighetsförmedling,6498319,https://www.hemnet.se/salda/lagenhet-4rum-tyreso-centrum-tyreso-kommun-myggdalsvagen-68-230613
2014-06-29,"Myggdalsvägen 32, 3tr",32,4.0,88.5,1770000,1595000,20000,4878,0.11,Fastighetsbyrån Tyresö,6390455,"https://www.hemnet.se/salda/lagenhet-4rum-centrala-tyreso-tyreso-kommun-myggdalsvagen-32,-3tr-216132"
2014-05-13,Myggdalsvägen 64,64,3.0,90.0,1910000,1695000,21222,4983,0.13,Fastighetsbyrån Tyresö,6164752,https://www.hemnet.se/salda/lagenhet-3rum-centrala-tyreso-tyreso-kommun-myggdalsvagen-64-186999
2014-05-11,Myggdalsvägen 98,98,3.0,92.0,2025000,1825000,22011,5105,0.11,Svensk Fastighetsförmedling,6164777,https://www.hemnet.se/salda/lagenhet-3rum-tyreso-centrum-tyreso-kommun-myggdalsvagen-98-185207
2014-05-09,Myggdalsvägen 94,94,4.0,90.0,1950000,1595000,21667,4768,0.22,Svensk Fastighetsförmedling,6179664,https://www.hemnet.se/salda/lagenhet-4rum-tyreso-centrum-tyreso-kommun-myggdalsvagen-94-185144
2014-05-03,Myggdalsvägen 100,100,2.0,74.0,1705000,1575000,23041,3935,0.08,SkandiaMäklarna Tyresö/Älta,6066524,https://www.hemnet.se/salda/lagenhet-2rum-centrala-tyreso-tyreso-kommun-myggdalsvagen-100-229749
2014-04-27,Myggdalsvägen 68,68,4.0,88.5,1610000,1395000,18192,4995,0.15,Svensk Fastighetsförmedling,6117923,https://www.hemnet.se/salda/lagenhet-4rum-tyreso-centrum-tyreso-kommun-myggdalsvagen-68-178722
2014-03-30,Myggdalsvägen 62,62,3.0,92.0,1760000,1650000,19130,4928,0.07,SkandiaMäklarna Tyresö/Älta,5975177,https://www.hemnet.se/salda/lagenhet-3rum-centrala-tyreso-tyreso-kommun-myggdalsvagen-62-206668
2013-11-21,"Myggdalsvägen 14, 3 tr",14,4.0,92.0,2000000,1795000,21739,5163,0.11,Bukowskis Mäklarbyrå,5875318,"https://www.hemnet.se/salda/lagenhet-4rum-centrala-tyreso-tyreso-kommun-myggdalsvagen-14,-3-tr-127078"
2013-11-12,"Myggdalsvägen 28, BV",28,4.0,88.5,1800000,1575000,20339,4722,0.14,Fastighetsbyrån Tyresö,5870551,"https://www.hemnet.se/salda/lagenhet-4rum-centrala-tyreso-tyreso-kommun-myggdalsvagen-28,-bv-122760"
2013-10-22,Myggdalsvägen 26,26,4.0,88.5,1770000,1500000,20000,4878,0.18,Fastighetsbyrån Tyresö,5785711,https://www.hemnet.se/salda/lagenhet-4rum-centrala-tyreso-tyreso-kommun-myggdalsvagen-26-114555
2013-10-08,Myggdalsvägen 98,98,4.0,92.0,1290000,1095000,14022,5105,0.18,Mäklarhuset Älta,5749071,https://www.hemnet.se/salda/lagenhet-4rum-centrala-tyreso-tyreso-kommun-myggdalsvagen-98-108381
2013-09-30,"Myggdalsvägen 10, 5tr",10,2.0,49.5,1200000,895000,24242,2519,0.34,Fastighetsbyrån Tyresö,5749515,"https://www.hemnet.se/salda/lagenhet-2rum-centrala-tyreso-tyreso-kommun-myggdalsvagen-10,-5tr-104196"
2013-06-08,Myggdalsvägen 112,112,4.0,94.0,1375000,1250000,14628,5051,0.1,Fastighetsbyrån Tyresö,5066214,https://www.hemnet.se/salda/lagenhet-4rum-centrala-tyreso-tyreso-kommun-myggdalsvagen-112-62111
2013-05-27,"Myggdalsvägen 50, bv",50,2.0,45.0,1160000,1095000,25778,2497,0.06,Mäklarhuset Älta,4994714,"https://www.hemnet.se/salda/lagenhet-2rum-centrala-tyreso-tyreso-kommun-myggdalsvagen-50,-bv-62439"
