sold_date,address,street_number,rooms,living_area_m2,final_price_kr,asking_price_kr,kr_per_m2,monthly_fee_kr,price_change_pct,broker_agency,listing_id,booli_url,apartment_number
2026-05-05,Myggdalsvägen 38,38,3,82.5,1700000,,20606,,,Erik Olsson,6091237,https://www.booli.se/bostad/677610,Lgh 1001
2026-04-30,Myggdalsvägen 118,118,4,88.5,2100000,,23729,,,HusmanHagberg,6081836,https://www.booli.se/bostad/677537,Lgh 1201
2026-04-19,Myggdalsvägen 122,122,3,88.5,2000000,,22599,,,Erik Olsson,6046546,https://www.booli.se/annons/6046546,
2026-04-07,Myggdalsvägen 110,110,5,114.5,3500000,,30568,,,HusmanHagberg,5379515,https://www.booli.se/bostad/677955,Lgh 1303
2026-03-21,Myggdalsvägen 96,96,4,90.0,2295000,,25500,,,HusmanHagberg,5596105,https://www.booli.se/bostad/678006,Lgh 1101
2026-03-17,Myggdalsvägen 102,102,2,49.5,1595000,,32222,,,Svensk Fastighetsförmedling,5953079,https://www.booli.se/annons/5953079,
2026-03-15,Myggdalsvägen 64,64,4,90.0,2295000,,25500,,,SkandiaMäklarna,4806292,https://www.booli.se/bostad/678140,Lgh 1301
2026-03-12,Myggdalsvägen 90,90,3,92.0,2520000,,27391,,,Svensk Fastighetsförmedling,5954535,https://www.booli.se/annons/5954535,
2026-03-10,Myggdalsvägen 26,26,4,89.0,2300000,,25843,,,Svensk Fastighetsförmedling,5953635,https://www.booli.se/annons/5953635,
2026-02-15,Myggdalsvägen 92,92,,90.0,2500000,,27778,,,Svensk Fastighetsförmedling,5953827,https://www.booli.se/annons/5953827,
2026-02-13,Myggdalsvägen 94,94,3,92.0,1895000,,20598,,,SkandiaMäklarna,5959880,https://www.booli.se/bostad/677997,Lgh 1302
2026-01-27,Myggdalsvägen 90,90,4,92.0,1695000,,18424,,,Svensk Fastighetsförmedling,5975168,https://www.booli.se/annons/5975168,
2026-01-24,Myggdalsvägen 92,92,4,92.0,2265000,,24620,,,Fastighetsbyrån,5926010,https://www.booli.se/annons/5926010,
2025-12-22,Myggdalsvägen 100,100,2,74.0,2200000,,29730,,,SkandiaMäklarna,5519351,https://www.booli.se/annons/5519351,
2025-12-15,Myggdalsvägen 86,86,4,88.5,2050000,,23164,,,SkandiaMäklarna,5343879,https://www.booli.se/bostad/677725,Lgh 1101
2025-12-10,Myggdalsvägen 14,14,3,92.0,2050000,,22283,,,HusmanHagberg,5940689,https://www.booli.se/bostad/677772,Lgh 1102
2025-11-24,Myggdalsvägen 34,34,4,88.5,2250000,,25424,,,Svensk Fastighetsförmedling,5447176,https://www.booli.se/annons/5447176,
2025-11-14,Myggdalsvägen 108,108,2,74.0,1750000,,23649,,,HusmanHagberg,5791774,https://www.booli.se/bostad/677937,Lgh 1203
2025-10-14,Myggdalsvägen 90,90,4,90.0,2075000,,23056,,,BOSTHLM,5856217,https://www.booli.se/annons/5856217,
2025-10-03,Myggdalsvägen 84,84,4,94.0,1795000,,19096,,,Svensk Fastighetsförmedling,5528353,https://www.booli.se/annons/5528353,
2025-09-08,Myggdalsvägen 106,106,2,49.5,1415000,,28586,,,Erik Olsson,5722313,https://www.booli.se/bostad/677930,Lgh 1502
2025-09-03,Myggdalsvägen 102,102,2,74.0,2125000,,28716,,,Notar,5784594,https://www.booli.se/bostad/677887,Lgh 1303
2025-08-28,Myggdalsvägen 18,18,3,90.0,2000000,,22222,,,SkandiaMäklarna,5741180,https://www.booli.se/bostad/677801,Lgh 1201
2025-08-15,Myggdalsvägen 116,116,4,88.5,2225000,,25141,,,Svensk Fastighetsförmedling,5376530,https://www.booli.se/annons/5376530,
2025-06-30,Myggdalsvägen 104,104,2,74.0,2250000,,30405,,,HusmanHagberg,5497465,https://www.booli.se/bostad/677910,Lgh 1501
2025-06-24,Myggdalsvägen 98,98,4,90.0,1900000,,21111,,,HusmanHagberg,5576312,https://www.booli.se/bostad/678020,Lgh 1101
2025-06-04,Myggdalsvägen 22,22,4,94.0,2200000,,23404,,,Svenska Mäklarhuset,5623286,https://www.booli.se/bostad/677558,Lgh 1302
2025-05-27,Myggdalsvägen 14,14,3,90.0,1950000,,21667,,,HusmanHagberg,5576836,https://www.booli.se/bostad/677781,Lgh 1601
2025-05-20,Myggdalsvägen 6,6,2,74.0,1800000,,24324,,,HusmanHagberg,5586628,https://www.booli.se/bostad/677832,Lgh 1203
2025-05-19,Myggdalsvägen 60,60,3,90.0,2195000,,24389,,,Fastighetsbyrån,5631656,https://www.booli.se/bostad/678108,Lgh 1101
2025-04-09,Myggdalsvägen 84,84,4,94.0,1800000,,19149,,,MOHV,5540833,https://www.booli.se/annons/5540833,
2025-03-24,Myggdalsvägen 56,56,4,94.0,1850000,,19681,,,HusmanHagberg,5505105,https://www.booli.se/bostad/677645,Lgh 1202
2025-02-25,Myggdalsvägen 18,18,2,45.0,1800000,,40000,,,Svensk Fastighetsförmedling,5566904,https://www.booli.se/annons/5566904,
2025-02-14,Myggdalsvägen 14,14,3,92.0,2000000,,21739,,,Svensk Fastighetsförmedling,5603740,https://www.booli.se/annons/5603740,
2025-02-05,Myggdalsvägen 96,96,2,45.0,1595000,,35444,,,More Fastighetsförmedling,5586725,https://www.booli.se/bostad/678005,Lgh 1002
2025-01-30,Myggdalsvägen 6,6,2,49.5,2000000,,40404,,,HusmanHagberg,5498627,https://www.booli.se/annons/5498627,
2025-01-15,Myggdalsvägen 20,20,3,90.0,2050000,,22778,,,Svensk Fastighetsförmedling,5445595,https://www.booli.se/annons/5445595,
2025-01-07,Myggdalsvägen 24,24,3,85.5,2000000,,23392,,,Svensk Fastighetsförmedling,5556146,https://www.booli.se/annons/5556146,
2024-12-21,Myggdalsvägen 46,46,3,92.0,2500000,,27174,,,HusmanHagberg,5466080,https://www.booli.se/bostad/678077,Lgh 1602
2024-11-19,Myggdalsvägen 110,110,5,114.5,3850000,,33624,,,Fastighetsbyrån,5533803,https://www.booli.se/annons/5533803,
2024-11-15,Myggdalsvägen 94,94,4,88.0,2350000,,26705,,,Länsförsäkringar Fastighetsförmedling,5388666,https://www.booli.se/annons/5388666,
2024-11-08,Myggdalsvägen 88,88,4,88.0,2350000,,26705,,,Svensk Fastighetsförmedling,5474753,https://www.booli.se/annons/5474753,
2024-10-09,Myggdalsvägen 38,38,4,94.5,2500000,,26455,,,SkandiaMäklarna,5335836,https://www.booli.se/annons/5335836,
2024-09-12,Myggdalsvägen 96,96,4,90.0,2800000,,31111,,,Svenska Mäklarhuset,5430913,https://www.booli.se/bostad/678012,Lgh 1401
2024-09-03,Myggdalsvägen 22,22,3,82.5,2350000,,28485,,,HusmanHagberg,5445656,https://www.booli.se/bostad/677551,Lgh 1001
2024-08-08,Myggdalsvägen 102,102,2,74.0,1795000,,24257,,,HusmanHagberg,5346487,https://www.booli.se/bostad/677879,Lgh 1101
2024-08-05,Myggdalsvägen 52,52,3,82.5,2120000,,25697,,,HusmanHagberg,5260490,https://www.booli.se/bostad/677634,Lgh 1001
2024-07-31,Myggdalsvägen 98,98,3,90.0,2750000,,30556,,,HusmanHagberg,5406288,https://www.booli.se/bostad/678022,Lgh 1201
2024-07-25,Myggdalsvägen 88,88,4,88.5,2550000,,28814,,,Svensk Fastighetsförmedling,5073942,https://www.booli.se/annons/5073942,
2024-07-18,Myggdalsvägen 64,64,4,92.0,2675000,,29076,,,Svensk Fastighetsförmedling,5323653,https://www.booli.se/annons/5323653,
2024-07-17,Myggdalsvägen 52,52,4,94.5,2700000,,28571,,,HusmanHagberg,5243886,https://www.booli.se/bostad/677636,Lgh 1101
2024-07-09,Myggdalsvägen 64,64,4,90.0,2950000,,32778,,,HusmanHagberg,5356795,https://www.booli.se/bostad/678146,Lgh 1601
2024-06-20,Myggdalsvägen 34,34,4,88.5,2000000,,22599,,,Svenska Mäklarhuset,5357690,https://www.booli.se/annons/5357690,
2024-06-19,Myggdalsvägen 106,106,2,74.0,2200000,,29730,,,Svenska Mäklarhuset,4856879,https://www.booli.se/bostad/677917,Lgh 1101
2024-05-24,Myggdalsvägen 10,10,2,74.0,2600000,,35135,,,Svensk Fastighetsförmedling,5342232,https://www.booli.se/annons/5342232,
2024-05-17,Myggdalsvägen 96,96,4,90.0,2295000,,25500,,,HusmanHagberg,5305119,https://www.booli.se/bostad/678010,Lgh 1301
2024-04-30,Myggdalsvägen 48,48,4,90.0,2595000,,28833,,,Svensk Fastighetsförmedling,4800451,https://www.booli.se/annons/4800451,
2024-04-25,Myggdalsvägen 64,64,4,90.0,2600000,,28889,,,Fastighetsbyrån,5288142,https://www.booli.se/annons/5288142,
2024-04-15,Myggdalsvägen 62,62,2,45.0,1450000,,32222,,,Fastighetsbyrån,5255541,https://www.booli.se/bostad/678121,Lgh 1002
2024-04-12,Myggdalsvägen 28,28,4,88.5,2500000,,28249,,,Fastighetsbyrån,5255264,https://www.booli.se/annons/5255264,
2024-04-10,Myggdalsvägen 12,12,4,92.0,2350000,,25543,,,Fastighetsbyrån,5253186,https://www.booli.se/annons/5253186,
2024-04-01,Myggdalsvägen 78,78,3.5,88.5,2275000,,25706,,,Fastighetsbyrån,5256153,https://www.booli.se/annons/5256153,
2024-02-16,Myggdalsvägen 102,102,2,74.0,1695000,,22905,,,HusmanHagberg,5211166,https://www.booli.se/bostad/677887,Lgh 1303
2024-02-09,Myggdalsvägen 108,108,2,74.0,2025000,,27365,,,Fastighetsbyrån,5194370,https://www.booli.se/annons/5194370,
2024-02-07,Myggdalsvägen 78,78,4,88.5,2610000,,29492,,,SkandiaMäklarna,5177624,https://www.booli.se/annons/5177624,
2024-02-04,Myggdalsvägen 28,28,3,88.5,2795000,,31582,,,Svensk Fastighetsförmedling,5068167,https://www.booli.se/annons/5068167,
2024-01-22,Myggdalsvägen 88,88,2,77.5,2050000,,26452,,,Fastighetsbyrån,5186490,https://www.booli.se/bostad/677731,Lgh 1001
2024-01-12,Myggdalsvägen 92,92,4,92.0,2250000,,24457,,,HusmanHagberg,5174657,https://www.booli.se/bostad/677987,Lgh 1502
2023-12-13,Myggdalsvägen 10,10,2,49.5,1900000,,38384,,,Mäklarhuset,5030926,https://www.booli.se/annons/5030926,
2023-12-06,Myggdalsvägen 32,32,5,88.5,2400000,,27119,,,Svensk Fastighetsförmedling,5094624,https://www.booli.se/annons/5094624,
2023-11-23,Myggdalsvägen 104,104,2,49.5,1900000,,38384,,,Svensk Fastighetsförmedling,5171250,https://www.booli.se/annons/5171250,
2023-10-19,Myggdalsvägen 74,74,4,94.0,2500000,,26596,,,HusmanHagberg,4667377,https://www.booli.se/bostad/677686,Lgh 1202
2023-10-13,Myggdalsvägen 16,16,3,90.0,2495000,,27722,,,SkandiaMäklarna,4936902,https://www.booli.se/annons/4936902,
2023-10-01,Myggdalsvägen 30,30,3,88.5,2200000,,24859,,,SkandiaMäklarna,5100035,https://www.booli.se/annons/5100035,
2023-09-21,Myggdalsvägen 62,62,3,92.0,2250000,,24457,,,Svensk Fastighetsförmedling,5055967,https://www.booli.se/bostad/678127,Lgh 1302
2023-09-10,Myggdalsvägen 86,86,4,88.5,2495000,,28192,,,SkandiaMäklarna,5016030,https://www.booli.se/annons/5016030,
2023-08-24,Myggdalsvägen 34,34,4,88.5,2450000,,27684,,,Fastighetsbyrån,5057313,https://www.booli.se/annons/5057313,
2023-06-22,Myggdalsvägen 92,92,4,90.0,2500000,,27778,,,Svensk Fastighetsförmedling,4029956,https://www.booli.se/annons/4029956,
2023-05-15,Myggdalsvägen 102,102,2,74.0,2450000,,33108,,,Svensk Fastighetsförmedling,4913767,https://www.booli.se/annons/4913767,
2023-04-24,Myggdalsvägen 8,8,2,,2025000,,,,,Fastighetsbyrån,4919292,https://www.booli.se/annons/4919292,
2023-04-18,Myggdalsvägen 72,72,3,85.5,2250000,,26316,,,Svensk Fastighetsförmedling,4894782,https://www.booli.se/bostad/677673,Lgh 1002
2023-04-16,Myggdalsvägen 64,64,2,45.0,1910000,,42444,,,Svensk Fastighetsförmedling,4860675,https://www.booli.se/bostad/678135,Lgh 1002
2023-03-28,Myggdalsvägen 12,12,4,90.0,2850000,,31667,,,Svensk Fastighetsförmedling,4923359,https://www.booli.se/annons/4923359,
2023-03-02,Myggdalsvägen 6,6,2,49.5,1700000,,34343,,,Svensk Fastighetsförmedling,4547068,https://www.booli.se/annons/4547068,
2023-03-01,Myggdalsvägen 8,8,2,49.5,2200000,,44444,,,Svensk Fastighetsförmedling,4800300,https://www.booli.se/bostad/677847,Lgh 1202
2023-02-03,Myggdalsvägen 92,92,4,90.0,2650000,,29444,,,Svensk Fastighetsförmedling,4207958,https://www.booli.se/bostad/677976,Lgh 1001
2022-12-02,Myggdalsvägen 88,88,3,88.5,2600000,,29379,,,Svensk Fastighetsförmedling,4844269,https://www.booli.se/bostad/677737,Lgh 1302
2022-11-10,Myggdalsvägen 86,86,5,88.5,2900000,,32768,,,SkandiaMäklarna,4805265,https://www.booli.se/annons/4805265,
2022-11-03,Myggdalsvägen 110,110,2,49.5,2000000,,40404,,,Svensk Fastighetsförmedling,4782974,https://www.booli.se/annons/4782974,
2022-10-19,Myggdalsvägen 98,98,4,90.0,2450000,,27222,,,Svenska Mäklarhuset,4781995,https://www.booli.se/annons/4781995,
2022-09-23,Myggdalsvägen 90,90,3,90.0,2750000,,30556,,,Svensk Fastighetsförmedling,4742689,https://www.booli.se/bostad/677964,Lgh 1101
2022-09-16,Myggdalsvägen 22,22,4,94.0,2970000,,31596,,,SkandiaMäklarna,4756525,https://www.booli.se/annons/4756525,
2022-09-06,Myggdalsvägen 100,100,2,74.0,1975000,,26689,,,HusmanHagberg,4723384,https://www.booli.se/bostad/677863,Lgh 1201
2022-08-19,Myggdalsvägen 6,6,2,49.5,2100000,,42424,,,Fastighetsbyrån,4704836,https://www.booli.se/bostad/677840,Lgh 1502
2022-08-09,Myggdalsvägen 48,48,4,92.0,3050000,,33152,,,SkandiaMäklarna,4706495,https://www.booli.se/annons/4706495,
2022-07-31,Myggdalsvägen 66,66,4,88.5,3265000,,36893,,,HusmanHagberg,4692096,https://www.booli.se/bostad/677656,Lgh 1201
2022-06-17,Myggdalsvägen 50,50,3,90.0,3100000,,34444,,,BlumenthalHoffman Fastighetsmäkleri,4676227,https://www.booli.se/annons/4676227,
2022-05-30,Myggdalsvägen 60,60,4,90.0,4050000,,45000,,,SkandiaMäklarna,4704118,https://www.booli.se/bostad/678110,
2022-05-25,Myggdalsvägen 60,60,4,90.0,3500000,,38889,,,Bjurfors,4646091,https://www.booli.se/bostad/678118,Lgh 1601
2022-05-17,Myggdalsvägen 40,40,4,94.0,3000000,,31915,,,Länsförsäkringar Fastighetsförmedling,4511154,https://www.booli.se/bostad/677621,Lgh 1202
2022-05-11,Myggdalsvägen 20,20,4,90.0,3650000,,40556,,,SkandiaMäklarna,4586199,https://www.booli.se/bostad/677823,Lgh 1601
2022-05-04,Myggdalsvägen 102,102,2,49.5,2200000,,44444,,,Svensk Fastighetsförmedling,4408990,https://www.booli.se/annons/4408990,
2022-04-22,Myggdalsvägen 26,26,3,88.5,3300000,,37288,,,SkandiaMäklarna,4445946,https://www.booli.se/annons/4445946,
2022-04-19,Myggdalsvägen 14,14,4,90.0,2950000,,32778,,,HusmanHagberg,4587938,https://www.booli.se/bostad/677771,Lgh 1101
2022-04-11,Myggdalsvägen 14,14,3,92.0,3200000,,34783,,,Svensk Fastighetsförmedling,4573038,https://www.booli.se/bostad/677774,Lgh 1202
2022-04-11,Myggdalsvägen 102,102,2,74.0,2450000,,33108,,,Svensk Fastighetsförmedling,4593968,https://www.booli.se/bostad/677891,Lgh 1501
2022-04-04,Myggdalsvägen 100,100,2,49.5,2200000,,44444,,,HusmanHagberg,4575532,https://www.booli.se/bostad/677867,Lgh 1302
2022-03-31,Myggdalsvägen 118,118,2,77.5,2730000,,35226,,,MOHV,4569033,https://www.booli.se/bostad/677533,Lgh 1001
2022-03-30,Myggdalsvägen 78,78,4,88.5,3525000,,39831,,,SkandiaMäklarna,4569003,https://www.booli.se/annons/4569003,
2022-03-23,Myggdalsvägen 16,16,4,90.0,3220000,,35778,,,SkandiaMäklarna,4557618,https://www.booli.se/annons/4557618,
2022-03-06,Myggdalsvägen 108,108,2,74.0,2400000,,32432,,,Svensk Fastighetsförmedling,4525444,https://www.booli.se/annons/4525444,
2022-02-10,Myggdalsvägen 18,18,2,45.0,1950000,,43333,,,HusmanHagberg,4490618,https://www.booli.se/bostad/677798,Lgh 1002
2022-02-09,Myggdalsvägen 30,30,3,88.5,3770000,,42599,,,Länsförsäkringar Fastighetsförmedling,4473111,https://www.booli.se/bostad/677582,Lgh 1101
2022-01-27,Myggdalsvägen 108,108,2,74.0,2600000,,35135,,,Svensk Fastighetsförmedling,4426524,https://www.booli.se/annons/4426524,
2022-01-26,Myggdalsvägen 50,50,4,92.0,2765000,,30054,,,Södermäklarna,4494555,https://www.booli.se/bostad/678103,Lgh 1502
2022-01-20,Myggdalsvägen 116,116,2,77.5,3100000,,40000,,,Svensk Fastighetsförmedling,4340033,https://www.booli.se/bostad/677527,Lgh 1001
2022-01-20,Myggdalsvägen 18,18,3,90.0,3150000,,35000,,,Svensk Fastighetsförmedling,4454301,https://www.booli.se/annons/4454301,
2022-01-18,Myggdalsvägen 102,102,2,49.5,1925000,,38889,,,Svensk Fastighetsförmedling,4463042,https://www.booli.se/annons/4463042,
2021-12-01,Myggdalsvägen 104,104,2,49.5,2050000,,41414,,,Svensk Fastighetsförmedling,4417117,https://www.booli.se/annons/4417117,
2021-11-20,Myggdalsvägen 72,72,3,85.5,2550000,,29825,,,Svensk Fastighetsförmedling,4427801,https://www.booli.se/bostad/677673,Lgh 1002
2021-10-30,Myggdalsvägen 84,84,3,82.5,2730000,,33091,,,Länsförsäkringar Fastighetsförmedling,4387348,https://www.booli.se/bostad/677715,Lgh 1001
2021-10-16,Myggdalsvägen 34,34,4,88.5,2850000,,32203,,,Svensk Fastighetsförmedling,4387597,https://www.booli.se/annons/4387597,
2021-10-15,Myggdalsvägen 24,24,4,94.0,2870000,,30532,,,Fastighetsbyrån,4390174,https://www.booli.se/annons/4390174,
2021-10-14,Myggdalsvägen 64,64,4,90.0,3340000,,37111,,,SkandiaMäklarna,4394964,https://www.booli.se/bostad/678146,Lgh 1601
2021-10-12,Myggdalsvägen 104,104,2,74.0,2400000,,32432,,,Länsförsäkringar Fastighetsförmedling,4382509,https://www.booli.se/bostad/677904,Lgh 1301
2021-09-29,Myggdalsvägen 76,76,3,85.5,2700000,,31579,,,SkandiaMäklarna,4378395,https://www.booli.se/bostad/677690,Lgh 1002
2021-09-02,Myggdalsvägen 10,10,2,49.5,2300000,,46465,,,Svensk Fastighetsförmedling,4320424,https://www.booli.se/annons/4320424,
2021-08-19,Myggdalsvägen 48,48,3,92.0,2575000,,27989,,,SkandiaMäklarna,4321104,https://www.booli.se/annons/4321104,
2021-07-02,Myggdalsvägen 26,26,4,88.5,3050000,,34463,,,SkandiaMäklarna,4287744,https://www.booli.se/annons/4287744,
2021-06-30,Myggdalsvägen 100,100,2,49.5,1900000,,38384,,,SkandiaMäklarna,4160919,https://www.booli.se/annons/4160919,
2021-05-11,Myggdalsvägen 108,108,2,74.0,2200000,,29730,,,SkandiaMäklarna,4201511,https://www.booli.se/annons/4201511,
2021-05-03,Myggdalsvägen 82,82,4,94.5,2615000,,27672,,,Svensk Fastighetsförmedling,4131746,https://www.booli.se/annons/4131746,
2021-04-28,Myggdalsvägen 12,12,3,90.0,2800000,,31111,,,Svensk Fastighetsförmedling,4194146,https://www.booli.se/annons/4194146,
2021-04-27,Myggdalsvägen 68,68,4,88.5,2650000,,29944,,,SkandiaMäklarna,4143168,https://www.booli.se/annons/4143168,
2021-04-27,Myggdalsvägen 108,108,2,74.0,2330000,,31486,,,SkandiaMäklarna,4193342,https://www.booli.se/annons/4193342,
2021-04-27,Myggdalsvägen 98,98,4,90.0,3000000,,33333,,,Länsförsäkringar Fastighetsförmedling,4144152,https://www.booli.se/bostad/678028,Lgh 1501
2021-04-16,Myggdalsvägen 54,54,3,82.5,2550000,,30909,,,SkandiaMäklarna,4139400,https://www.booli.se/bostad/3955117,Lgh 1001
2021-04-11,Myggdalsvägen 50,50,4,93.0,2625000,,28226,,,Fastighetsbyrån,4122486,https://www.booli.se/annons/4122486,
2021-04-09,Myggdalsvägen 90,90,4,90.0,2850000,,31667,,,HusmanHagberg,4084102,https://www.booli.se/annons/4084102,
2021-04-01,Myggdalsvägen 8,8,2,49.5,1860000,,37576,,,Fastighetsbyrån,4155142,https://www.booli.se/annons/4155142,
2021-03-16,Myggdalsvägen 86,86,4,88.5,2625000,,29661,,,HusmanHagberg,4121163,https://www.booli.se/bostad/677728,Lgh 1202
2021-03-05,Myggdalsvägen 122,122,4,88.5,3300000,,37288,,,SkandiaMäklarna,4139696,https://www.booli.se/bostad/677546,
2021-02-16,Myggdalsvägen 28,28,4,88.5,3400000,,38418,,,SkandiaMäklarna,3811444,https://www.booli.se/annons/3811444,
2021-02-16,Myggdalsvägen 28,28,4,88.5,3400000,,38418,,,SkandiaMäklarna,4109983,https://www.booli.se/annons/4109983,
2021-02-12,Myggdalsvägen 120,120,4,88.5,2750000,,31073,,,SkandiaMäklarna,4103031,https://www.booli.se/annons/4103031,
2021-01-21,Myggdalsvägen 96,96,3,92.0,2395000,,26033,,,HusmanHagberg,4029173,https://www.booli.se/bostad/678011,Lgh 1302
2020-12-29,Myggdalsvägen 110,110,2,49.5,1950000,,39394,,,SkandiaMäklarna,3847924,https://www.booli.se/bostad/677954,Lgh 1302
2020-12-11,Myggdalsvägen 48,48,1.5,45.0,2000000,,44444,,,Fastighetsbyrån,4060843,https://www.booli.se/bostad/678079,Lgh 1002
2020-11-30,Myggdalsvägen 68,68,4,88.5,2500000,,28249,,,SkandiaMäklarna,3985547,https://www.booli.se/bostad/677661,Lgh 1102
2020-11-30,Myggdalsvägen 98,98,4,92.0,2400000,,26087,,,HusmanHagberg,3057739,https://www.booli.se/bostad/678029,Lgh 1502
2020-11-26,Myggdalsvägen 36,36,2,77.5,1995000,,25742,,,Svensk Fastighetsförmedling,4003344,https://www.booli.se/bostad/677602,Lgh 1001
2020-11-12,Myggdalsvägen 20,20,3,90.0,2560000,,28444,,,Bjurfors,4021903,https://www.booli.se/bostad/677823,Lgh 1601
2020-10-29,Myggdalsvägen 92,92,4,90.0,2385000,,26500,,,HusmanHagberg,4000634,https://www.booli.se/annons/4000634,
2020-10-26,Myggdalsvägen 10,10,2,49.5,1795000,,36263,,,Fastighetsbyrån,3962670,https://www.booli.se/annons/3962670,
2020-10-13,Myggdalsvägen 72,72,4,94.0,2800000,,29787,,,Bjurfors,3984048,https://www.booli.se/bostad/677679,Lgh 1302
2020-10-13,Myggdalsvägen 46,46,4,90.0,2875000,,31944,,,Länsförsäkringar Fastighetsförmedling,3995642,https://www.booli.se/bostad/678074,Lgh 1501
2020-10-09,Myggdalsvägen 26,26,3,88.5,2575000,,29096,,,HusmanHagberg,3749182,https://www.booli.se/bostad/677571,Lgh 1202
2020-10-09,Myggdalsvägen,,4,89.5,2850000,,31844,,,HusmanHagberg,3736836,https://www.booli.se/annons/3736836,
2020-10-09,Myggdalsvägen 22,22,3,82.5,2000000,,24242,,,HusmanHagberg,3841879,https://www.booli.se/bostad/677551,Lgh 1001
2020-10-09,Myggdalsvägen 98,98,3,90.0,2800000,,31111,,,HusmanHagberg,3897482,https://www.booli.se/annons/3897482,
2020-10-09,Myggdalsvägen 114,114,4,94.0,2400000,,25532,,,HusmanHagberg,3914608,https://www.booli.se/bostad/677524,Lgh 1102
2020-10-01,Myggdalsvägen 20,20,2,45.0,1850000,,41111,,,Notar,3907011,https://www.booli.se/bostad/677812,Lgh 1002
2020-09-18,Myggdalsvägen 102,102,2,49.5,2000000,,40404,,,Fastighetsbyrån,3909222,https://www.booli.se/annons/3909222,
2020-09-14,Myggdalsvägen 104,104,2,49.5,2000000,,40404,,,SkandiaMäklarna,3939649,https://www.booli.se/annons/3939649,
2020-09-09,Myggdalsvägen 104,104,2,74.0,1950000,,26351,,,Fastighetsbyrån,3924974,https://www.booli.se/annons/3924974,
2020-09-09,Myggdalsvägen 98,98,4,90.0,2745000,,30500,,,SkandiaMäklarna,3937378,https://www.booli.se/annons/3937378,
2020-08-14,Myggdalsvägen 16,16,4,92.0,2900000,,31522,,,SkandiaMäklarna,3890110,https://www.booli.se/annons/3890110,
2020-08-14,Myggdalsvägen 6,6,2,49.5,1800000,,36364,,,Länsförsäkringar Fastighetsförmedling,3907854,https://www.booli.se/annons/3907854,
2020-08-13,Myggdalsvägen 92,92,4,90.0,2650000,,29444,,,HusmanHagberg,3747367,https://www.booli.se/bostad/677982,Lgh 1301
2020-07-06,Myggdalsvägen 116,116,2,78.0,3100000,,39744,,,Svensk Fastighetsförmedling,3863855,https://www.booli.se/annons/3863855,
2020-06-17,Myggdalsvägen 106,106,2,74.0,2095000,,28311,,,SkandiaMäklarna,3856811,https://www.booli.se/annons/3856811,
2020-06-14,Myggdalsvägen 104,104,2,49.5,1800000,,36364,,,SkandiaMäklarna,3771236,https://www.booli.se/annons/3771236,
2020-06-04,Myggdalsvägen 76,76,4,94.5,2300000,,24339,,,HusmanHagberg,3833470,https://www.booli.se/bostad/677693,Lgh 1201
2020-05-29,Myggdalsvägen 98,98,4,90.0,2500000,,27778,,,SkandiaMäklarna,3760332,https://www.booli.se/annons/3760332,
2020-05-14,Myggdalsvägen 10,10,2,49.5,2000000,,40404,,,SkandiaMäklarna,3583802,https://www.booli.se/bostad/677747,Lgh 1302
2020-05-06,Myggdalsvägen 104,104,2,74.0,1995000,,26959,,,MOHV,3805195,https://www.booli.se/bostad/677901,Lgh 1201
2020-04-09,Myggdalsvägen 104,104,2,74.0,2250000,,30405,,,Länsförsäkringar Fastighetsförmedling,3776654,https://www.booli.se/annons/3776654,
2020-02-17,Myggdalsvägen 6,6,2,49.5,2075000,,41919,,,SkandiaMäklarna,3716172,https://www.booli.se/annons/3716172,
2020-02-15,Myggdalsvägen 10,10,2,49.5,1935000,,39091,,,HusmanHagberg,3722732,https://www.booli.se/annons/3722732,
2020-02-13,Myggdalsvägen 64,64,4,90.0,2600000,,28889,,,HusmanHagberg,3722768,https://www.booli.se/bostad/678134,Lgh 1001
2020-02-05,Myggdalsvägen 112,112,3,82.5,2495000,,30242,,,Svensk Fastighetsförmedling,3716045,https://www.booli.se/bostad/677515,Lgh 1001
2020-02-05,Myggdalsvägen 100,100,2,74.0,2050000,,27703,,,Svensk Fastighetsförmedling,3716165,https://www.booli.se/bostad/677869,Lgh 1401
2020-01-19,Myggdalsvägen 112,112,4,94.0,2720000,,28936,,,Svensk Fastighetsförmedling,3684379,https://www.booli.se/annons/3684379,
2019-12-22,Myggdalsvägen 90,90,4,90.0,2850000,,31667,,,HusmanHagberg,3671112,https://www.booli.se/annons/3671112,
2019-11-24,Myggdalsvägen 100,100,2,49.5,1900000,,38384,,,Fastighetsbyrån,3578146,https://www.booli.se/annons/3578146,
2019-11-21,Myggdalsvägen 14,14,4,90.0,2540000,,28222,,,HusmanHagberg,3645176,https://www.booli.se/annons/3645176,
2019-11-20,Myggdalsvägen 16,16,4,92.0,2900000,,31522,,,SkandiaMäklarna,3663845,https://www.booli.se/annons/3663845,
2019-09-23,Myggdalsvägen 60,60,4,92.0,2995000,,32554,,,SkandiaMäklarna,3579977,https://www.booli.se/bostad/678115,Lgh 1402
2019-09-22,Myggdalsvägen 92,92,2,45.0,1795000,,39889,,,SkandiaMäklarna,3515426,https://www.booli.se/bostad/677977,Lgh 1002
2019-09-06,Myggdalsvägen 26,26,3,88.5,2650000,,29944,,,SkandiaMäklarna,3563749,https://www.booli.se/bostad/677569,Lgh 1102
2019-08-20,Myggdalsvägen 42,42,3,88.5,2050000,,23164,,,SkandiaMäklarna,3524405,https://www.booli.se/bostad/677623,Lgh 1002
2019-08-20,Myggdalsvägen 104,104,5,114.5,3120000,,27249,,,Svensk Fastighetsförmedling,3518277,https://www.booli.se/annons/3518277,
2019-08-20,Myggdalsvägen 26,26,3,88.5,2600000,,29379,,,Fastighetsbyrån,3327422,https://www.booli.se/annons/3327422,
2019-08-18,Myggdalsvägen 28,28,3,89.0,2750000,,30899,,,SkandiaMäklarna,3520775,https://www.booli.se/annons/3520775,
2019-08-16,Myggdalsvägen 86,86,3,88.5,2450000,,27684,,,HusmanHagberg,3530311,https://www.booli.se/annons/3530311,
2019-08-15,Myggdalsvägen 90,90,4,90.0,2200000,,24444,,,SkandiaMäklarna,3534942,https://www.booli.se/annons/3534942,
2019-07-29,Myggdalsvägen 60,60,1,45.0,1835000,,40778,,,Svenska Mäklarhuset,3525894,https://www.booli.se/bostad/678107,Lgh 1002
2019-07-08,Myggdalsvägen 108,108,2,49.0,2020000,,41224,,,SkandiaMäklarna,3498537,https://www.booli.se/bostad/677942,Lgh 1402
2019-06-27,Myggdalsvägen 14,14,3,90.0,2900000,,32222,,,Länsförsäkringar Fastighetsförmedling,3459625,https://www.booli.se/annons/3459625,
2019-06-27,Myggdalsvägen 114,114,3,82.5,2300000,,27879,,,Bjurfors,3463526,https://www.booli.se/bostad/677521,Lgh 1001
2019-06-19,Myggdalsvägen 32,32,4,88.5,2650000,,29944,,,Svensk Fastighetsförmedling,3385748,https://www.booli.se/annons/3385748,
2019-06-05,Myggdalsvägen 26,26,4,88.5,2800000,,31638,,,SkandiaMäklarna,3094603,https://www.booli.se/annons/3094603,
2019-06-05,Myggdalsvägen 100,100,2,74.0,2400000,,32432,,,Svensk Fastighetsförmedling,3447407,https://www.booli.se/annons/3447407,
2019-06-03,Myggdalsvägen 66,66,3,88.5,2450000,,27684,,,Svensk Fastighetsförmedling,3443106,https://www.booli.se/annons/3443106,
2019-05-22,Myggdalsvägen 36,36,4,89.0,2600000,,29213,,,SkandiaMäklarna,3260441,https://www.booli.se/bostad/677604,Lgh 1101
2019-05-15,Myggdalsvägen 12,12,4,90.0,2975000,,33056,,,SkandiaMäklarna,3434223,https://www.booli.se/annons/3434223,
2019-05-15,Myggdalsvägen 74,74,3,82.5,2020000,,24485,,,Fastighetsbyrån,3434684,https://www.booli.se/bostad/677738,Lgh 1001
2019-05-11,Myggdalsvägen 86,86,3,88.5,2250000,,25424,,,HusmanHagberg,3430155,https://www.booli.se/bostad/677725,Lgh 1101
2019-05-08,Myggdalsvägen 56,56,4,94.0,2625000,,27926,,,Svensk Fastighetsförmedling,3428738,https://www.booli.se/annons/3428738,
2019-05-03,Myggdalsvägen 100,100,2,74.0,2500000,,33784,,,Svensk Fastighetsförmedling,3384159,https://www.booli.se/annons/3384159,
2019-04-17,Myggdalsvägen 84,84,3,82.5,2600000,,31515,,,Länsförsäkringar Fastighetsförmedling,3294664,https://www.booli.se/bostad/677715,Lgh 1001
2019-04-09,Myggdalsvägen 110,110,2,49.5,1835000,,37071,,,HusmanHagberg,3365405,https://www.booli.se/bostad/677957,Lgh 1402
2019-04-09,Myggdalsvägen 12,12,4,92.0,3000000,,32609,,,HusmanHagberg,3333841,https://www.booli.se/bostad/677760,Lgh 1202
2019-03-28,Myggdalsvägen 14,14,4,90.0,2925000,,32500,,,HusmanHagberg,3328716,https://www.booli.se/bostad/677773,Lgh 1201
2019-03-07,Myggdalsvägen 70,70,4,94.0,2400000,,25532,,,SkandiaMäklarna,3340005,https://www.booli.se/annons/3340005,
2019-03-07,Myggdalsvägen 34,34,3,88.5,2850000,,32203,,,Fastighetsbyrån,3353417,https://www.booli.se/annons/3353417,
2019-02-27,Myggdalsvägen 46,46,4,90.0,2410000,,26778,,,Svensk Fastighetsförmedling,3335298,https://www.booli.se/annons/3335298,
2019-02-21,Myggdalsvägen 22,22,4,94.0,2580000,,27447,,,Notar,3171337,https://www.booli.se/annons/3171337,
2019-02-20,Myggdalsvägen 112,112,4,94.5,2150000,,22751,,,Svensk Fastighetsförmedling,3299107,https://www.booli.se/annons/3299107,
2019-01-04,Myggdalsvägen 8,8,2,49.5,2000000,,40404,,,SkandiaMäklarna,3304242,https://www.booli.se/annons/3304242,
2018-12-13,Myggdalsvägen 110,110,2,49.5,2005000,,40505,,,SkandiaMäklarna,3254554,https://www.booli.se/annons/3254554,
2018-12-11,Myggdalsvägen 22,22,4,94.0,2800000,,29787,,,Länsförsäkringar Fastighetsförmedling,3291741,https://www.booli.se/bostad/677558,Lgh 1302
2018-11-15,Myggdalsvägen 72,72,4,94.0,2700000,,28723,,,Svensk Fastighetsförmedling,3259173,https://www.booli.se/annons/3259173,
2018-11-15,Myggdalsvägen 28,28,3,88.5,2700000,,30508,,,Fastighetsbyrån,3274243,https://www.booli.se/annons/3274243,
2018-11-09,Myggdalsvägen 76,76,4,94.0,2320000,,24681,,,Mäklarhuset,3255227,https://www.booli.se/annons/3255227,
2018-10-26,Myggdalsvägen 82,82,4,94.0,2500000,,26596,,,SkandiaMäklarna,3255267,https://www.booli.se/annons/3255267,
2018-10-26,Myggdalsvägen 98,98,3,90.0,2600000,,28889,,,Eget Hem,3261617,https://www.booli.se/bostad/678030,Lgh 1601
2018-09-19,Myggdalsvägen 64,64,4,92.0,3050000,,33152,,,HusmanHagberg,3234139,https://www.booli.se/bostad/678137,Lgh 1102
2018-09-14,Myggdalsvägen 122,122,3,88.5,2395000,,27062,,,SkandiaMäklarna,3149113,https://www.booli.se/annons/3149113,
2018-09-06,Myggdalsvägen 3,3,6,137.0,4830000,,35255,,,SkandiaMäklarna,3124991,https://www.booli.se/bostad/1778953,
2018-09-02,Myggdalsvägen 18,18,4,92.0,3520000,,38261,,,SkandiaMäklarna,3223475,https://www.booli.se/bostad/677806,Lgh 1402
2018-08-24,Myggdalsvägen 22,22,4,94.5,2520000,,26667,,,SkandiaMäklarna,3204725,https://www.booli.se/annons/3204725,
2018-06-18,Myggdalsvägen 46,46,4,92.0,3000000,,32609,,,SkandiaMäklarna,3179444,https://www.booli.se/annons/3179444,
2018-05-23,Myggdalsvägen 10,10,2,74.0,2150000,,29054,,,Fastighetsbyrån,3149012,https://www.booli.se/annons/3149012,
2018-05-22,Myggdalsvägen 28,28,4,88.5,2950000,,33333,,,Svensk Fastighetsförmedling,3152154,https://www.booli.se/annons/3152154,
2018-05-04,Myggdalsvägen 62,62,1.5,45.0,1900000,,42222,,,Fastighetsbyrån,3135042,https://www.booli.se/bostad/678121,Lgh 1002
2018-04-30,Myggdalsvägen 12,12,3,90.0,2350000,,26111,,,HusmanHagberg,3086938,https://www.booli.se/bostad/677761,Lgh 1301
2018-04-25,Myggdalsvägen 102,102,2,74.0,2585000,,34932,,,Länsförsäkringar Fastighetsförmedling,3128820,https://www.booli.se/bostad/677893,Lgh 1503
2018-04-23,Myggdalsvägen 14,14,4,90.0,2700000,,30000,,,Länsförsäkringar Fastighetsförmedling,3119370,https://www.booli.se/bostad/677777,Lgh 1401
2018-04-05,Myggdalsvägen 78,78,3,88.5,2295000,,25932,,,HusmanHagberg,3104392,https://www.booli.se/bostad/677698,Lgh 1102
2018-03-27,Myggdalsvägen 8,8,2,49.5,2060000,,41616,,,HusmanHagberg,3108941,https://www.booli.se/bostad/677850,Lgh 1302
2018-03-16,Myggdalsvägen 6,6,2,74.0,2395000,,32365,,,Svensk Fastighetsförmedling,3091148,https://www.booli.se/annons/3091148,
2018-02-15,Myggdalsvägen 98,98,3,90.0,2675000,,29722,,,SkandiaMäklarna,3079863,https://www.booli.se/annons/3079863,
2018-02-14,Myggdalsvägen 110,110,2,74.0,2295000,,31014,,,Svensk Fastighetsförmedling,3063690,https://www.booli.se/bostad/677959,Lgh 1501
2018-01-16,Myggdalsvägen 36,36,2,79.5,2295000,,28868,,,HusmanHagberg,2361735,https://www.booli.se/bostad/677603,Lgh 1002
2017-10-24,Myggdalsvägen 68,68,4,88.5,2550000,,28814,,,Svensk Fastighetsförmedling,3018829,https://www.booli.se/annons/3018829,
2017-10-17,Myggdalsvägen 100,100,2,74.0,2395000,,32365,,,SkandiaMäklarna,2392789,https://www.booli.se/annons/2392789,
2017-09-29,Myggdalsvägen 90,90,4,90.0,2900000,,32222,,,Svensk Fastighetsförmedling,2403770,https://www.booli.se/annons/2403770,
2017-09-27,Myggdalsvägen 44,44,3,77.5,2700000,,34839,,,SkandiaMäklarna,2400257,https://www.booli.se/annons/2400257,Lgh 1001
2017-09-20,Myggdalsvägen 82,82,4,94.5,2850000,,30159,,,Fastighetsbyrån,2406496,https://www.booli.se/annons/2406496,
2017-09-19,Myggdalsvägen 36,36,4,88.5,2395000,,27062,,,HusmanHagberg,2285787,https://www.booli.se/annons/2285787,
2017-08-24,Myggdalsvägen 26,26,3,88.5,2500000,,28249,,,Mäklarringen,2380422,https://www.booli.se/bostad/677573,Lgh 1302
2017-08-24,Myggdalsvägen 16,16,3,92.0,2860000,,31087,,,Svensk Fastighetsförmedling,2379449,https://www.booli.se/annons/2379449,
2017-08-02,Myggdalsvägen 50,50,3,90.0,3000000,,33333,,,Svensk Fastighetsförmedling,2370792,https://www.booli.se/annons/2370792,
2017-07-06,Myggdalsvägen 94,94,4,92.0,2850000,,30978,,,Svensk Fastighetsförmedling,2216274,https://www.booli.se/bostad/677995,Lgh 1202
2017-06-24,Myggdalsvägen,,4,94.5,2700000,,28571,,,Fastighetsbyrån,2347672,https://www.booli.se/annons/2347672,
2017-06-14,Myggdalsvägen 86,86,4,88.5,2700000,,30508,,,Fastighetsbyrån,2341385,https://www.booli.se/annons/2341385,
2017-05-31,Myggdalsvägen 64,64,4,90.0,2800000,,31111,,,Fastighetsbyrån,2329471,https://www.booli.se/annons/2329471,
2017-05-11,Myggdalsvägen 60,60,4,90.0,2900000,,32222,,,Eget Hem,2291006,https://www.booli.se/annons/2291006,
2017-05-04,Myggdalsvägen 84,84,4,94.5,2525000,,26720,,,HusmanHagberg,2292138,https://www.booli.se/bostad/677721,Lgh 1301
2017-04-28,Myggdalsvägen 36,36,4,88.5,2625000,,29661,,,Fastighetsbyrån,2303226,https://www.booli.se/annons/2303226,
2017-04-07,Myggdalsvägen 8,8,2,74.0,2525000,,34122,,,Eget Hem,2264016,https://www.booli.se/annons/2264016,
2017-03-30,Myggdalsvägen 116,116,2,77.5,2450000,,31613,,,HusmanHagberg,2282008,https://www.booli.se/annons/2282008,
2017-03-30,Myggdalsvägen 18,18,4,92.0,2760000,,30000,,,Fastighetsbyrån,2274801,https://www.booli.se/bostad/677806,Lgh 1402
2017-03-05,Myggdalsvägen 122,122,4,88.0,2405000,,27330,,,SkandiaMäklarna,2257131,https://www.booli.se/annons/2257131,
2017-02-27,Myggdalsvägen 104,104,2,74.0,2100000,,28378,,,MOHV,2256915,https://www.booli.se/bostad/677904,Lgh 1301
2016-12-08,Myggdalsvägen 90,90,3,90.0,2450000,,27222,,,Fastighetsbyrån,2223914,https://www.booli.se/bostad/677966,Lgh 1201
2016-12-02,Myggdalsvägen 14,14,3,89.0,2640000,,29663,,,SkandiaMäklarna,2209430,https://www.booli.se/bostad/677773,Lgh 1201
2016-11-30,Myggdalsvägen 120,120,2,77.5,2060000,,26581,,,Svensk Fastighetsförmedling,2220392,https://www.booli.se/bostad/677539,Lgh 1001
2016-11-23,Myggdalsvägen 14,14,3,92.0,2480000,,26957,,,Svensk Fastighetsförmedling,2215410,https://www.booli.se/bostad/677774,Lgh 1202
2016-11-03,Myggdalsvägen 60,60,4,92.0,2600000,,28261,,,Svensk Fastighetsförmedling,2201415,https://www.booli.se/bostad/678117,Lgh 1502
2016-09-19,Myggdalsvägen 34,34,3,88.5,2245000,,25367,,,Notar,2137391,https://www.booli.se/annons/2137391,
2016-08-12,Myggdalsvägen 100,100,2,74.0,2075000,,28041,,,HusmanHagberg,2139158,https://www.booli.se/bostad/677875,Lgh 1601
2016-07-07,Myggdalsvägen 92,92,4,90.0,2300000,,25556,,,Svensk Fastighetsförmedling,2115287,https://www.booli.se/annons/2115287,
2016-06-23,Myggdalsvägen 68,68,4,88.5,2325000,,26271,,,HusmanHagberg,2117658,https://www.booli.se/annons/2117658,
2016-06-20,Myggdalsvägen 104,104,2,49.5,1860000,,37576,,,Länsförsäkringar Fastighetsförmedling,2126838,https://www.booli.se/bostad/677905,Lgh 1302
2016-06-10,Myggdalsvägen 106,106,2,49.5,1860000,,37576,,,Länsförsäkringar Fastighetsförmedling,2113716,https://www.booli.se/bostad/677930,Lgh 1502
2016-05-13,Myggdalsvägen 74,74,4,94.0,2675000,,28457,,,SkandiaMäklarna,2074298,https://www.booli.se/annons/2074298,
2016-05-12,Myggdalsvägen 104,104,2,49.5,1770000,,35758,,,HusmanHagberg,2087020,https://www.booli.se/bostad/677911,Lgh 1502
2016-04-29,Myggdalsvägen 16,16,4,92.0,2575000,,27989,,,SkandiaMäklarna,2077024,https://www.booli.se/bostad/677788,Lgh 1202
2016-04-07,Myggdalsvägen 112,112,3,85.5,2810000,,32865,,,HusmanHagberg,2056850,https://www.booli.se/bostad/677516,Lgh 1002
2016-03-24,Myggdalsvägen 86,86,4,88.5,2225000,,25141,,,HusmanHagberg,2034681,https://www.booli.se/annons/2034681,
2016-03-23,Myggdalsvägen 26,26,3,88.5,2285000,,25819,,,Fastighetsbyrån,2052082,https://www.booli.se/annons/2052082,
2016-03-10,Myggdalsvägen 42,42,4,88.5,2700000,,30508,,,HusmanHagberg,2042251,https://www.booli.se/annons/2042251,
2016-02-10,Myggdalsvägen 12,12,4,90.0,3060000,,34000,,,HusmanHagberg,2026925,https://www.booli.se/annons/2026925,
2016-01-28,Myggdalsvägen 12,12,3,92.0,2750000,,29891,,,Svensk Fastighetsförmedling,2019481,https://www.booli.se/bostad/677760,Lgh 1202
2016-01-27,Myggdalsvägen 26,26,3,88.5,2650000,,29944,,,SkandiaMäklarna,2013142,https://www.booli.se/annons/2013142,
2015-12-07,Myggdalsvägen 14,14,3,90.0,2540000,,28222,,,Fastighetsbyrån,2000492,https://www.booli.se/bostad/677781,Lgh 1601
2015-12-06,Myggdalsvägen 18,18,3,90.0,2625000,,29167,,,HusmanHagberg,1983415,https://www.booli.se/bostad/677809,Lgh 1601
2015-11-28,Myggdalsvägen 86,86,4,88.5,3340000,,37740,,,HusmanHagberg,1960441,https://www.booli.se/annons/1960441,
2015-11-17,Myggdalsvägen 74,74,4,94.0,2760000,,29362,,,SkandiaMäklarna,1973332,https://www.booli.se/annons/1973332,
2015-11-07,Myggdalsvägen 78,78,3,88.5,2600000,,29379,,,Svensk Fastighetsförmedling,1977859,https://www.booli.se/annons/1977859,
2015-11-02,Myggdalsvägen 92,92,4,92.0,2100000,,22826,,,Fastighetsbyrån,1975225,https://www.booli.se/bostad/677983,Lgh 1302
2015-10-30,Myggdalsvägen 114,114,4,94.0,2210000,,23511,,,HusmanHagberg,1976641,https://www.booli.se/annons/1976641,
2015-10-23,Myggdalsvägen 104,104,5,114.5,2495000,,21790,,,Svensk Fastighetsförmedling,1979067,https://www.booli.se/bostad/677909,Lgh 1403
2015-09-24,Myggdalsvägen 74,74,3,86.0,2520000,,29302,,,Svensk Fastighetsförmedling,1950052,https://www.booli.se/bostad/677682,Lgh 1002
2015-09-23,Myggdalsvägen 98,98,4,90.0,2125000,,23611,,,Fastighetsbyrån,1951318,https://www.booli.se/bostad/678022,Lgh 1201
2015-09-02,Myggdalsvägen 94,94,4,92.0,2330000,,25326,,,Svensk Fastighetsförmedling,1897097,https://www.booli.se/bostad/677995,Lgh 1202
2015-08-28,Myggdalsvägen 46,46,2,46.0,1850000,,40217,,,Svensk Fastighetsförmedling,1931229,https://www.booli.se/bostad/678065,Lgh 1002
2015-08-21,Myggdalsvägen 12,12,4,90.0,1920000,,21333,,,HusmanHagberg,1921650,https://www.booli.se/annons/1921650,
2015-08-20,Myggdalsvägen 28,28,4,88.5,1980000,,22373,,,Fastighetsbyrån,1928070,https://www.booli.se/annons/1928070,
2015-08-19,Myggdalsvägen 14,14,4,92.0,2800000,,30435,,,Svensk Fastighetsförmedling,1928172,https://www.booli.se/bostad/677778,Lgh 1402
2015-07-03,Myggdalsvägen 110,110,2,74.0,1920000,,25946,,,HusmanHagberg,1912290,https://www.booli.se/bostad/677947,Lgh 1101
2015-06-11,Myggdalsvägen 100,100,2,49.5,1935000,,39091,,,Fastighetsbyrån,1892249,https://www.booli.se/bostad/677870,Lgh 1402
2015-06-03,Myggdalsvägen 102,102,2,74.0,1710000,,23108,,,HusmanHagberg,1886607,https://www.booli.se/annons/1886607,
2015-05-24,Myggdalsvägen 14,14,3,90.0,2600000,,28889,,,Svensk Fastighetsförmedling,1869902,https://www.booli.se/bostad/677775,Lgh 1301
2015-05-13,Myggdalsvägen 64,64,4,92.0,2710000,,29457,,,Fastighetsbyrån,1857255,https://www.booli.se/bostad/678145,Lgh 1502
2015-05-13,Myggdalsvägen 106,106,2,49.5,1850000,,37374,,,HusmanHagberg,1868034,https://www.booli.se/bostad/677921,Lgh 1202
2015-04-23,Myggdalsvägen 8,8,2,49.5,1805000,,36465,,,HusmanHagberg,1850389,https://www.booli.se/bostad/677844,Lgh 1102
2015-04-17,Myggdalsvägen 52,52,4,95.0,2320000,,24421,,,Bjurfors,1843599,https://www.booli.se/annons/1843599,
2015-04-15,Myggdalsvägen 34,34,3,88.5,2250000,,25424,,,Fastighetsbyrån,1841825,https://www.booli.se/annons/1841825,
2015-03-23,Myggdalsvägen 100,100,2,58.0,2000000,,34483,,,HusmanHagberg,1832134,https://www.booli.se/bostad/677859,Lgh 1002
2015-02-14,Myggdalsvägen 14,14,4,90.0,2200000,,24444,,,Svensk Fastighetsförmedling,1803109,https://www.booli.se/bostad/677777,Lgh 1401
2015-01-21,Myggdalsvägen 8,8,2,49.5,1700000,,34343,,,Fastighetsbyrån,1798444,https://www.booli.se/bostad/677844,Lgh 1102
2015-01-16,Myggdalsvägen 116,116,4,88.5,1905000,,21525,,,HusmanHagberg,1791195,https://www.booli.se/annons/1791195,
2015-01-15,Myggdalsvägen,,2,74.0,1640000,,22162,,,SkandiaMäklarna,1790722,https://www.booli.se/annons/1790722,
2014-12-17,Myggdalsvägen 16,16,4,90.0,2040000,,22667,,,Svensk Fastighetsförmedling,1779045,https://www.booli.se/annons/1779045,
2014-12-10,Myggdalsvägen 20,20,1.5,45.0,1600000,,35556,,,HusmanHagberg,1780134,https://www.booli.se/bostad/677811,Lgh 1001
2014-12-09,Myggdalsvägen 52,52,3,85.5,1820000,,21287,,,Bjurfors,1779470,https://www.booli.se/annons/1779470,
2014-11-21,Myggdalsvägen 96,96,3,90.0,1950000,,21667,,,SkandiaMäklarna,1769265,https://www.booli.se/annons/1769265,
2014-11-12,Myggdalsvägen 120,120,3,88.5,1705000,,19266,,,Fastighetsbyrån,1764256,https://www.booli.se/annons/1764256,
2014-11-11,Myggdalsvägen 100,100,2,74.0,1650000,,22297,,,Fastighetsbyrån,1759451,https://www.booli.se/bostad/677875,Lgh 1601
2014-10-31,Myggdalsvägen 110,110,2,74.0,1705000,,23041,,,SkandiaMäklarna,1755195,https://www.booli.se/annons/1755195,
2014-10-23,Myggdalsvägen 82,82,4,94.0,1715000,,18245,,,HusmanHagberg,1752584,https://www.booli.se/annons/1752584,
2014-10-16,Myggdalsvägen 80,80,3,88.5,1675000,,18927,,,SkandiaMäklarna,1740201,https://www.booli.se/annons/1740201,
2014-09-18,Myggdalsvägen 58,58,3,85.5,1800000,,21053,,,Fastighetsbyrån,1726893,https://www.booli.se/annons/1726893,
2014-09-12,Myggdalsvägen 20,20,4,92.0,2050000,,22283,,,Svensk Fastighetsförmedling,1716840,https://www.booli.se/annons/1716840,
2014-09-04,Myggdalsvägen 10,10,3,87.0,1900000,,21839,,,HusmanHagberg,1721451,https://www.booli.se/annons/1721451,
2014-09-04,Myggdalsvägen 110,110,2,49.5,1450000,,29293,,,HusmanHagberg,1720622,https://www.booli.se/bostad/677954,Lgh 1302
2014-09-03,Myggdalsvägen,,2,74.0,1670000,,22568,,,HusmanHagberg,1716988,https://www.booli.se/annons/1716988,
2014-08-25,Myggdalsvägen 102,102,2,74.0,1440000,,19459,,,Länsförsäkringar Fastighetsförmedling,1707996,https://www.booli.se/annons/1707996,
2014-07-01,Myggdalsvägen 32,32,4,88.5,1770000,,20000,,,Fastighetsbyrån,1686016,https://www.booli.se/annons/1686016,
2014-06-19,Myggdalsvägen 106,106,2,49.5,1450000,,29293,,,Länsförsäkringar Fastighetsförmedling,1674607,https://www.booli.se/annons/1674607,
2014-05-17,Myggdalsvägen 48,48,4,92.0,2465000,,26793,,,SkandiaMäklarna,1644876,https://www.booli.se/annons/1644876,
2014-05-15,Myggdalsvägen 64,64,3,90.0,1910000,,21222,,,Fastighetsbyrån,1637824,https://www.booli.se/annons/1637824,
2014-05-10,Myggdalsvägen 98,98,3,92.0,2025000,,22011,,,Svensk Fastighetsförmedling,1637794,https://www.booli.se/annons/1637794,
2014-05-09,Myggdalsvägen 94,94,4,90.0,1950000,,21667,,,Svensk Fastighetsförmedling,1639947,https://www.booli.se/annons/1639947,
2014-05-04,Myggdalsvägen 100,100,2,74.0,1705000,,23041,,,SkandiaMäklarna,1618852,https://www.booli.se/bostad/677875,Lgh 1601
2014-04-29,Myggdalsvägen 68,68,4,88.5,1610000,,18192,,,Svensk Fastighetsförmedling,1628935,https://www.booli.se/annons/1628935,
2014-04-16,Myggdalsvägen 3,3,,137.0,3400000,,24818,,,,-7799849,https://www.booli.se/bostad/1778953,
2014-04-06,Myggdalsvägen 96,96,3,92.0,1935000,,21033,,,Svensk Fastighetsförmedling,1618021,https://www.booli.se/annons/1618021,
2014-03-27,Myggdalsvägen 110,110,2,74.0,1600000,,21622,,,HusmanHagberg,1612364,https://www.booli.se/annons/1612364,
2014-02-19,Myggdalsvägen 74,74,4,94.5,1830000,,19365,,,Eget Hem,1589077,https://www.booli.se/annons/1589077,
2013-12-11,Myggdalsvägen 20,20,1.5,45.0,1410000,,31333,,,HusmanHagberg,1557444,https://www.booli.se/annons/1557444,
2013-12-04,Myggdalsvägen 66,66,4,88.5,1450000,,16384,,,HusmanHagberg,1553503,https://www.booli.se/bostad/677656,Lgh 1201
2013-12-04,Myggdalsvägen 108,108,2,49.5,1400000,,28283,,,HusmanHagberg,1552880,https://www.booli.se/bostad/677942,Lgh 1402
2013-11-23,Myggdalsvägen 14,14,4,92.0,2000000,,21739,,,Bukowskis Mäklarbyrå,1544770,https://www.booli.se/bostad/677778,Lgh 1402
2013-11-21,Myggdalsvägen 108,108,2,67.0,1680000,,25075,,,HusmanHagberg,1544388,https://www.booli.se/annons/1544388,
2013-11-13,Myggdalsvägen 28,28,4,88.5,1800000,,20339,,,Fastighetsbyrån,1543794,https://www.booli.se/annons/1543794,
2013-11-11,Myggdalsvägen 94,94,4,92.0,1620000,,17609,,,HusmanHagberg,1535850,https://www.booli.se/bostad/677995,Lgh 1202
2013-10-24,Myggdalsvägen 26,26,4,88.5,1770000,,20000,,,Fastighetsbyrån,1525281,https://www.booli.se/annons/1525281,
2013-10-10,Myggdalsvägen 98,98,4,92.0,1290000,,14022,,,Mäklarhuset,1516273,https://www.booli.se/annons/1516273,
2013-10-10,Myggdalsvägen 18,18,2,45.0,1275000,,28333,,,HusmanHagberg,1516853,https://www.booli.se/annons/1516853,
2013-10-02,Myggdalsvägen 10,10,2,49.5,1200000,,24242,,,Fastighetsbyrån,1516876,https://www.booli.se/annons/1516876,
2013-09-11,Myggdalsvägen 82,82,4,95.0,1610000,,16947,,,Svensk Fastighetsförmedling,1488541,https://www.booli.se/annons/1488541,
2013-09-10,Myggdalsvägen 62,62,4,90.0,1675000,,18611,,,HusmanHagberg,1493938,https://www.booli.se/annons/1493938,
2013-08-15,Myggdalsvägen 76,76,3,85.5,1780000,,20819,,,HusmanHagberg,1472376,https://www.booli.se/annons/1472376,
2013-06-13,Myggdalsvägen 74,74,3,85.5,1300000,,15205,,,HusmanHagberg,1439537,https://www.booli.se/bostad/677682,Lgh 1002
2013-05-28,Myggdalsvägen 50,50,2,45.0,1160000,,25778,,,Mäklarhuset,1417179,https://www.booli.se/annons/1417179,
2013-05-10,Myggdalsvägen 68,68,2,56.0,1230000,,21964,,,Svensk Fastighetsförmedling,1410877,https://www.booli.se/annons/1410877,
2013-05-07,Myggdalsvägen 94,94,4,90.0,1200000,,13333,,,Fastighetsbyrån,1388619,https://www.booli.se/annons/1388619,
2013-05-02,Myggdalsvägen 86,86,4,88.5,1295000,,14633,,,Eget Hem,1391208,https://www.booli.se/annons/1391208,
2013-03-29,Myggdalsvägen 46,46,3,90.0,1320000,,14667,,,HusmanHagberg,1375851,https://www.booli.se/annons/1375851,
2013-03-25,Myggdalsvägen 10,10,2,74.0,1325000,,17905,,,Svensk Fastighetsförmedling,1373709,https://www.booli.se/bostad/677743,Lgh 1201
2013-03-20,Myggdalsvägen 64,64,4,92.0,1320000,,14348,,,HusmanHagberg,1368969,https://www.booli.se/bostad/678145,Lgh 1502
2013-02-16,Myggdalsvägen 12,12,4,90.0,1700000,,18889,,,Eget Hem,1355000,https://www.booli.se/annons/1355000,
2013-02-15,Myggdalsvägen 20,20,4,92.0,1950000,,21196,,,HusmanHagberg,1350868,https://www.booli.se/annons/1350868,
2013-01-27,Myggdalsvägen 108,108,2,74.0,1575000,,21284,,,Svensk Fastighetsförmedling,1336621,https://www.booli.se/annons/1336621,
2013-01-25,Myggdalsvägen 116,116,4,88.5,1420000,,16045,,,HusmanHagberg,1334289,https://www.booli.se/annons/1334289,
2012-12-14,Myggdalsvägen 104,104,2,49.5,1100000,,22222,,,Länsförsäkringar Fastighetsförmedling,1323386,https://www.booli.se/annons/1323386,
2012-12-10,Myggdalsvägen 98,98,2,45.0,1150000,,25556,,,Svensk Fastighetsförmedling,1320484,https://www.booli.se/annons/1320484,
2012-11-02,Myggdalsvägen 98,98,3,90.0,1310000,,14556,,,Länsförsäkringar Fastighetsförmedling,1282324,https://www.booli.se/annons/1282324,
